-- phpMyAdmin SQL Dump
-- version 4.6.4
-- https://www.phpmyadmin.net/
--
-- Host: localhost
-- Generation Time: 2016-11-22 10:28:22
-- 服务器版本： 5.5.47-log
-- PHP Version: 5.6.1

SET SQL_MODE = "NO_AUTO_VALUE_ON_ZERO";
SET time_zone = "+00:00";


/*!40101 SET @OLD_CHARACTER_SET_CLIENT=@@CHARACTER_SET_CLIENT */;
/*!40101 SET @OLD_CHARACTER_SET_RESULTS=@@CHARACTER_SET_RESULTS */;
/*!40101 SET @OLD_COLLATION_CONNECTION=@@COLLATION_CONNECTION */;
/*!40101 SET NAMES utf8mb4 */;

--
-- Database: `weipan`
--

-- --------------------------------------------------------

--
-- 表的结构 `ag1612`
--

CREATE TABLE `ag1612` (
  `id` int(11) NOT NULL,
  `name` varchar(255) NOT NULL,
  `price` varchar(255) NOT NULL,
  `diff` varchar(255) NOT NULL,
  `diffRate` varchar(255) NOT NULL,
  `jinkai` varchar(255) NOT NULL,
  `zuoshou` varchar(255) NOT NULL,
  `zuidi` varchar(255) NOT NULL,
  `zuigao` varchar(255) NOT NULL,
  `time` datetime NOT NULL
) ENGINE=MyISAM DEFAULT CHARSET=utf8;

-- --------------------------------------------------------

--
-- 表的结构 `au0`
--

CREATE TABLE `au0` (
  `id` int(11) NOT NULL,
  `name` varchar(255) NOT NULL,
  `price` varchar(255) NOT NULL,
  `diff` varchar(255) NOT NULL,
  `diffRate` varchar(255) NOT NULL,
  `jinkai` varchar(255) NOT NULL,
  `zuoshou` varchar(255) NOT NULL,
  `zuidi` varchar(255) NOT NULL,
  `zuigao` varchar(255) NOT NULL,
  `time` datetime NOT NULL
) ENGINE=MyISAM DEFAULT CHARSET=utf8;

-- --------------------------------------------------------

--
-- 表的结构 `cl`
--

CREATE TABLE `cl` (
  `id` int(11) NOT NULL,
  `name` varchar(255) NOT NULL,
  `price` varchar(255) NOT NULL,
  `diff` varchar(255) NOT NULL,
  `diffRate` varchar(255) NOT NULL,
  `jinkai` varchar(255) NOT NULL,
  `zuoshou` varchar(255) NOT NULL,
  `zuidi` varchar(255) NOT NULL,
  `zuigao` varchar(255) NOT NULL,
  `time` datetime NOT NULL
) ENGINE=MyISAM DEFAULT CHARSET=utf8;

-- --------------------------------------------------------

--
-- 表的结构 `cu1609`
--

CREATE TABLE `cu1609` (
  `id` int(11) NOT NULL,
  `name` varchar(255) NOT NULL,
  `price` varchar(255) NOT NULL,
  `diff` varchar(255) NOT NULL,
  `diffRate` varchar(255) NOT NULL,
  `jinkai` varchar(255) NOT NULL,
  `zuoshou` varchar(255) NOT NULL,
  `zuidi` varchar(255) NOT NULL,
  `zuigao` varchar(255) NOT NULL,
  `time` datetime NOT NULL
) ENGINE=MyISAM DEFAULT CHARSET=utf8;

-- --------------------------------------------------------

--
-- 表的结构 `cu1611`
--

CREATE TABLE `cu1611` (
  `id` int(11) NOT NULL,
  `name` varchar(255) NOT NULL,
  `price` varchar(255) NOT NULL,
  `diff` varchar(255) NOT NULL,
  `diffRate` varchar(255) NOT NULL,
  `jinkai` varchar(255) NOT NULL,
  `zuoshou` varchar(255) NOT NULL,
  `zuidi` varchar(255) NOT NULL,
  `zuigao` varchar(255) NOT NULL,
  `time` datetime NOT NULL
) ENGINE=MyISAM DEFAULT CHARSET=utf8;

-- --------------------------------------------------------

--
-- 表的结构 `eurusd`
--

CREATE TABLE `eurusd` (
  `id` int(11) NOT NULL,
  `name` varchar(255) NOT NULL,
  `price` varchar(255) NOT NULL,
  `diff` varchar(255) NOT NULL,
  `diffRate` varchar(255) NOT NULL,
  `jinkai` varchar(255) NOT NULL,
  `zuoshou` varchar(255) NOT NULL,
  `zuidi` varchar(255) NOT NULL,
  `zuigao` varchar(255) NOT NULL,
  `time` datetime NOT NULL
) ENGINE=MyISAM DEFAULT CHARSET=utf8;

-- --------------------------------------------------------

--
-- 表的结构 `wp_accountinfo`
--

CREATE TABLE `wp_accountinfo` (
  `aid` int(50) NOT NULL,
  `uid` int(11) NOT NULL,
  `balance` double(24,2) DEFAULT '0.00' COMMENT '账号余额',
  `frozen` double(255,0) DEFAULT NULL COMMENT '冻结金额',
  `pwd` varchar(50) DEFAULT NULL COMMENT '交易密码'
) ENGINE=MyISAM DEFAULT CHARSET=utf8;

--
-- 转存表中的数据 `wp_accountinfo`
--

INSERT INTO `wp_accountinfo` (`aid`, `uid`, `balance`, `frozen`, `pwd`) VALUES
(1, 68, 98680.00, NULL, NULL),
(93, 338, 670.40, NULL, NULL),
(94, 339, 1150.00, NULL, NULL),
(95, 340, 9443.20, NULL, NULL),
(96, 341, 19430.00, NULL, NULL),
(97, 342, 19358.50, NULL, NULL),
(98, 343, 10000.00, NULL, NULL),
(99, 344, 0.00, NULL, '000000'),
(100, 345, 0.00, NULL, '000000'),
(101, 346, 0.00, NULL, '123123'),
(102, 347, 499999989.20, NULL, NULL),
(103, 348, 914.00, NULL, NULL),
(104, 349, 0.00, NULL, NULL),
(105, 350, 1212991.40, NULL, NULL),
(106, 351, 0.00, NULL, '123321'),
(107, 352, 0.00, NULL, '456346'),
(108, 372, 99464.00, NULL, NULL),
(109, 373, 0.00, NULL, NULL),
(110, 374, 0.00, NULL, NULL),
(111, 375, 0.00, NULL, NULL),
(112, 376, 10000.00, NULL, NULL),
(113, 377, 0.00, NULL, NULL),
(114, 378, 0.00, NULL, NULL),
(115, 379, 1.00, NULL, NULL);

-- --------------------------------------------------------

--
-- 表的结构 `wp_ag`
--

CREATE TABLE `wp_ag` (
  `id` int(11) NOT NULL,
  `name` varchar(255) NOT NULL,
  `price` varchar(255) NOT NULL,
  `diff` varchar(255) NOT NULL,
  `diffRate` varchar(255) NOT NULL,
  `jinkai` varchar(255) NOT NULL,
  `zuoshou` varchar(255) NOT NULL,
  `zuidi` varchar(255) NOT NULL,
  `zuigao` varchar(255) NOT NULL,
  `time` datetime NOT NULL
) ENGINE=MyISAM DEFAULT CHARSET=utf8;

-- --------------------------------------------------------

--
-- 表的结构 `wp_balance`
--

CREATE TABLE `wp_balance` (
  `bpid` int(11) NOT NULL,
  `bptype` varchar(255) DEFAULT NULL COMMENT '收支类型',
  `bptime` int(20) DEFAULT NULL COMMENT '操作时间',
  `bpprice` double DEFAULT NULL COMMENT '收支',
  `remarks` varchar(255) DEFAULT NULL COMMENT '备注',
  `uid` int(11) DEFAULT NULL,
  `isverified` int(11) DEFAULT NULL COMMENT '判断申请是否通过，0未通过，1通过',
  `cltime` int(20) DEFAULT NULL COMMENT '审核时间'
) ENGINE=MyISAM DEFAULT CHARSET=utf8;

--
-- 转存表中的数据 `wp_balance`
--

INSERT INTO `wp_balance` (`bpid`, `bptype`, `bptime`, `bpprice`, `remarks`, `uid`, `isverified`, `cltime`) VALUES
(11, '提现', 1452763308, 540, '', 64, 1, 1474795573),
(12, '提现', 1452763512, 300, '', 64, 1, 1474795584),
(13, '提现', 1452763894, 1000, '', 64, 1, 1474795598),
(14, '提现', 1452771435, 600, '', 64, 1, 1474795614),
(15, '提现', 1452771712, 100, '', 64, 1, 1474795619),
(16, '提现', 1452772051, 500, NULL, 64, 0, NULL),
(17, '提现', 1452773903, 100, NULL, 64, 0, NULL),
(18, '提现', 1452773949, 200, NULL, 64, 0, NULL),
(19, NULL, NULL, NULL, NULL, 69, NULL, NULL),
(20, '提现', 1453431038, 1000, '', 67, 2, 1453431181),
(21, '提现', 1453431422, 100, NULL, 67, 0, NULL),
(22, '提现', 1453431567, 100, NULL, 67, 0, NULL),
(23, '提现', 1453431596, 1000, NULL, 67, 0, NULL),
(24, '提现', 1453431895, 100, NULL, 67, 0, NULL),
(25, '提现', 1453431899, 100, '', 67, 1, 1479453003),
(26, '提现', 1453431935, 100, NULL, 67, 0, NULL),
(27, '提现', 1453431944, 100, NULL, 67, 0, NULL),
(28, '提现', 1453431946, 100, NULL, 67, 0, NULL),
(29, '提现', 1453431946, 100, NULL, 67, 0, NULL),
(30, '提现', 1453431947, 100, NULL, 67, 0, NULL),
(31, '提现', 1453431947, 100, NULL, 67, 0, NULL),
(32, '提现', 1453431947, 100, NULL, 67, 0, NULL),
(33, '提现', 1453431947, 100, NULL, 67, 0, NULL),
(34, '提现', 1453431947, 100, NULL, 67, 0, NULL),
(35, '提现', 1453431948, 100, NULL, 67, 0, NULL),
(36, '提现', 1453431965, 100, NULL, 67, 0, NULL),
(37, '提现', 1453431965, 100, NULL, 67, 0, NULL),
(38, '提现', 1453431989, 50000, NULL, 67, 0, NULL),
(39, '提现', 1453431989, 50000, NULL, 67, 0, NULL),
(40, '提现', 1453431989, 50000, NULL, 67, 0, NULL),
(41, '提现', 1453431989, 50000, NULL, 67, 0, NULL),
(42, '提现', 1453431989, 50000, NULL, 67, 0, NULL),
(43, '提现', 1453431990, 50000, NULL, 67, 0, NULL),
(44, '提现', 1453431991, 50000, NULL, 67, 0, NULL),
(45, '提现', 1453431991, 50000, NULL, 67, 0, NULL),
(46, '提现', 1453431991, 50000, NULL, 67, 0, NULL),
(47, '提现', 1453431991, 50000, NULL, 67, 0, NULL),
(48, '提现', 1453431991, 50000, NULL, 67, 0, NULL),
(49, '提现', 1453431991, 50000, NULL, 67, 0, NULL),
(50, '提现', 1453431992, 50000, NULL, 67, 0, NULL),
(51, '提现', 1453431992, 50000, NULL, 67, 0, NULL),
(52, '提现', 1453431992, 50000, NULL, 67, 0, NULL),
(53, '提现', 1453431992, 50000, NULL, 67, 0, NULL),
(54, '提现', 1453431992, 50000, NULL, 67, 0, NULL),
(55, '提现', 1453431992, 50000, NULL, 67, 0, NULL),
(56, '提现', 1453431993, 50000, NULL, 67, 0, NULL),
(57, '提现', 1453431993, 50000, NULL, 67, 0, NULL),
(58, '提现', 1453431993, 50000, NULL, 67, 0, NULL),
(59, '提现', 1453431993, 50000, NULL, 67, 0, NULL),
(60, '提现', 1453431993, 50000, NULL, 67, 0, NULL),
(61, '提现', 1453431993, 50000, NULL, 67, 0, NULL),
(62, '提现', 1453431994, 50000, NULL, 67, 0, NULL),
(63, '提现', 1453431994, 50000, NULL, 67, 0, NULL),
(64, '提现', 1453431994, 50000, NULL, 67, 0, NULL),
(65, '提现', 1453431994, 50000, NULL, 67, 0, NULL),
(66, '提现', 1453431994, 50000, NULL, 67, 0, NULL),
(67, '提现', 1453431995, 50000, NULL, 67, 0, NULL),
(68, '提现', 1453431995, 50000, NULL, 67, 0, NULL),
(69, '提现', 1453431995, 50000, NULL, 67, 0, NULL),
(70, '提现', 1453431995, 50000, NULL, 67, 0, NULL),
(71, '提现', 1453431995, 50000, NULL, 67, 0, NULL),
(72, '提现', 1453431995, 50000, NULL, 67, 0, NULL),
(73, '提现', 1453431996, 50000, NULL, 67, 0, NULL),
(74, '提现', 1453432095, 100, NULL, 67, 0, NULL),
(75, '提现', 1453432232, 100, NULL, 67, 0, NULL),
(76, '提现', 1453432846, 100, NULL, 67, 0, NULL),
(77, '提现', 1453432862, 100, NULL, 67, 0, NULL),
(78, '提现', 1453433168, 100, '', 67, 2, 1463023194),
(79, '提现', 1453433173, 100, '', 67, 1, 1453441341),
(80, '提现', 1453433234, 100, '', 67, 2, 1453441331),
(81, '提现', 1453433237, 100, '1516', 67, 2, 1453434492),
(82, '提现', 1453433343, 100, '1111', 67, 2, 1453434167),
(83, '提现', 1453433361, 100, '122', 67, 1, 1453434141),
(84, '提现', 1453433485, 100, '', 67, 2, 1453433657),
(85, NULL, NULL, NULL, NULL, 67, NULL, NULL),
(86, '充值', 1463023126, 0.01, '开始充值', 67, NULL, NULL),
(87, '充值', 1463023128, 0, '开始充值', 67, NULL, NULL),
(88, '充值', 1463023131, 0, '开始充值', 67, NULL, NULL),
(89, '充值', 1463121160, 100, '开始充值', 342, NULL, NULL),
(90, '充值', 1463386848, 0.01, '开始充值', 67, NULL, NULL),
(91, '充值', 1465900299, 0.01, '开始充值', 351, NULL, NULL),
(92, '充值', 1465900318, 0.01, '开始充值', 351, NULL, NULL),
(93, '充值', 1465900318, 0.01, '开始充值', 351, NULL, NULL),
(94, '充值', 1470739226, 0.01, '开始充值', 67, NULL, NULL),
(95, '充值', 1470800946, 0.01, '开始充值', 67, NULL, NULL),
(96, '充值', 1470911963, 0.01, '开始充值', 67, NULL, NULL),
(97, '充值', 1470964121, 0.01, '开始充值', 67, NULL, NULL),
(98, '充值', 1470986537, 1111, '开始充值', 67, NULL, NULL),
(99, '充值', 1471058520, 0.01, '开始充值', 67, NULL, NULL),
(100, '充值', 1471082256, 0.01, '开始充值', 67, NULL, NULL),
(101, '充值', 1471105360, 0.01, '开始充值', 67, NULL, NULL),
(102, '充值', 1471159108, 0.01, '开始充值', 68, NULL, NULL),
(103, '充值', 1471233624, 0, '开始充值', 67, NULL, NULL),
(104, '充值', 1471243073, 0.01, '开始充值', 67, NULL, NULL),
(105, '充值', 1471247164, 0.01, '开始充值', 67, NULL, NULL),
(106, '充值', 1471262512, 0.01, '开始充值', 67, NULL, NULL),
(107, '充值', 1471309461, 0.01, '开始充值', 67, NULL, NULL),
(108, '充值', 1471324303, 0.01, '开始充值', 67, NULL, NULL),
(109, '充值', 1471325591, 0.01, '开始充值', 67, NULL, NULL),
(110, '充值', 1471337058, 0.01, '开始充值', 67, NULL, NULL),
(111, '充值', 1471421866, 0.01, '开始充值', 67, NULL, NULL),
(112, '充值', 1471424188, 500, '开始充值', 67, NULL, NULL),
(113, '充值', 1471506320, 0.01, '开始充值', 67, NULL, NULL),
(114, '充值', 1473740148, 0.01, '开始充值', 68, NULL, NULL),
(115, '充值', 1473768072, 0.01, '开始充值', 68, NULL, NULL),
(116, '充值', 1473829871, 0.01, '开始充值', 68, NULL, NULL),
(117, '充值', 1473829945, 0.01, '开始充值', 68, NULL, NULL),
(118, '充值', 1473836961, 0.01, '开始充值', 68, NULL, NULL),
(119, '充值', 1473846344, 0.01, '开始充值', 68, NULL, NULL),
(120, '充值', 1473866109, 0.01, '开始充值', 68, NULL, NULL),
(121, '充值', 1473946472, 0.01, '开始充值', 68, NULL, NULL),
(122, '充值', 1474089583, 1000, '开始充值', 68, NULL, NULL),
(123, '充值', 1474092889, 1000, '开始充值', 68, NULL, NULL),
(124, '充值', 1474111966, 8000, '开始充值', 68, NULL, NULL),
(125, '充值', 1474253699, 0.01, '开始充值', 68, NULL, NULL),
(126, '充值', 1474448879, 0.01, '开始充值', 68, NULL, NULL),
(127, '充值', 1474456567, 0.01, '开始充值', 68, NULL, NULL),
(128, '充值', 1474480161, 100, '开始充值', 68, NULL, NULL),
(129, '充值', 1474517708, 0.01, '开始充值', 68, NULL, NULL),
(130, '充值', 1474629493, 0.01, '开始充值', 68, NULL, NULL),
(131, '充值', 1474735557, 0.01, '开始充值', 350, NULL, NULL),
(132, '充值', 1474736728, 0.01, '开始充值', 68, NULL, NULL),
(133, '充值', 1474889255, 100, '开始充值', 68, NULL, NULL),
(134, '充值', 1474890783, 0.01, '开始充值', 68, NULL, NULL),
(135, '充值', 1474895848, 0.01, '开始充值', 68, NULL, NULL),
(136, '充值', 1474896967, 100, '开始充值', 68, NULL, NULL),
(137, '充值', 1474937584, 0.01, '开始充值', 68, NULL, NULL),
(138, '充值', 1474938363, 0.01, '开始充值', 68, NULL, NULL),
(139, '充值', 1474940915, 0.01, '开始充值', 68, NULL, NULL),
(140, '充值', 1474944715, 0.01, '开始充值', 68, NULL, NULL),
(141, '充值', 1474951172, 0.01, '开始充值', 68, NULL, NULL),
(142, '充值', 1474951674, 0.01, '开始充值', 68, NULL, NULL),
(143, '充值', 1475063718, 0.01, '开始充值', 68, NULL, NULL),
(144, '充值', 1475076302, 0.01, '开始充值', 68, NULL, NULL),
(145, '充值', 1475374522, 0.01, '开始充值', 67, NULL, NULL),
(146, '充值', 1475374574, 0.01, '开始充值', 67, NULL, NULL),
(147, '充值', 1475374580, 0.01, '开始充值', 67, NULL, NULL),
(148, '充值', 1475465507, 1000, '开始充值', 374, NULL, NULL),
(149, '充值', 1475465958, 0, '开始充值', 374, NULL, NULL),
(150, '充值', 1475466486, 0, '开始充值', 374, NULL, NULL),
(151, '充值', 1475467974, 0, '开始充值', 374, NULL, NULL),
(152, '充值', 1475500259, 100, '开始充值', 68, NULL, NULL),
(153, '充值', 1475593376, 0.01, '开始充值', 68, NULL, NULL),
(154, '充值', 1475593977, 0.01, '开始充值', 68, NULL, NULL),
(155, '充值', 1475637369, 0.01, '开始充值', 68, NULL, NULL),
(156, '充值', 1475658235, 0.01, '开始充值', 375, NULL, NULL),
(157, '充值', 1475820772, 0.01, '开始充值', 68, NULL, NULL),
(158, '充值', 1475935469, 0.01, '开始充值', 68, NULL, NULL),
(159, '充值', 1475935541, 0.01, '开始充值', 68, NULL, NULL),
(160, '充值', 1476008735, 0.01, '开始充值', 348, NULL, NULL),
(161, '充值', 1476010958, 0.01, '开始充值', 376, NULL, NULL),
(162, '充值', 1476094350, 0.01, '开始充值', 68, NULL, NULL),
(163, '充值', 1478849446, 0.01, '开始充值', 68, NULL, NULL),
(164, '充值', 1478853027, 0.01, '开始充值', 68, NULL, NULL),
(165, '充值', 1479178328, 0.01, '开始充值', 68, NULL, NULL);

-- --------------------------------------------------------

--
-- 表的结构 `wp_bankinfo`
--

CREATE TABLE `wp_bankinfo` (
  `bid` int(20) NOT NULL,
  `uid` int(11) NOT NULL COMMENT '绑定',
  `bankname` varchar(20) NOT NULL COMMENT '所属银行',
  `province` varchar(20) NOT NULL COMMENT '省份',
  `city` varchar(20) NOT NULL COMMENT '城市',
  `branch` varchar(20) NOT NULL COMMENT '支行名',
  `banknumber` varchar(20) NOT NULL COMMENT '银行卡号',
  `busername` varchar(20) NOT NULL COMMENT '姓名'
) ENGINE=MyISAM DEFAULT CHARSET=utf8;

--
-- 转存表中的数据 `wp_bankinfo`
--

INSERT INTO `wp_bankinfo` (`bid`, `uid`, `bankname`, `province`, `city`, `branch`, `banknumber`, `busername`) VALUES
(20, 338, '', '', '', '', '', ''),
(21, 339, '', '', '', '', '', ''),
(22, 340, '', '', '', '', '', ''),
(23, 341, '', '', '', '', '', ''),
(24, 342, '', '', '', '', '', ''),
(25, 343, '', '', '', '', '', ''),
(26, 67, '', '', '', '', '', ''),
(27, 350, '', '', '', '', '', ''),
(28, 68, '', '', '', '', '', ''),
(29, 372, '', '', '', '', '', ''),
(30, 348, '', '', '', '', '', ''),
(31, 376, '', '', '', '', '', ''),
(32, 379, '', '', '', '', '', '');

-- --------------------------------------------------------

--
-- 表的结构 `wp_bankrournal`
--

CREATE TABLE `wp_bankrournal` (
  `bankno` varchar(255) NOT NULL COMMENT '日志编号',
  `bankname` varchar(255) DEFAULT NULL COMMENT '银行名称',
  `address` varchar(255) DEFAULT NULL COMMENT '地址',
  `

cardnumber` int(20) DEFAULT NULL COMMENT '银行卡号',
  `cardholder` varchar(255) DEFAULT NULL COMMENT '持卡人名称'
) ENGINE=MyISAM DEFAULT CHARSET=gbk;

-- --------------------------------------------------------

--
-- 表的结构 `wp_bournal`
--

CREATE TABLE `wp_bournal` (
  `bno` varchar(100) NOT NULL COMMENT '提现/充值编号',
  `btype` varchar(20) DEFAULT NULL COMMENT '银行名称',
  `btime` int(20) DEFAULT NULL COMMENT '操作时间',
  `bprice` double(20,2) DEFAULT NULL COMMENT '提现/充值金额',
  `uid` int(20) DEFAULT NULL COMMENT '持卡人名称',
  `username` varchar(20) DEFAULT NULL COMMENT '用户名',
  `isverified` int(10) DEFAULT NULL,
  `balance` double(20,2) DEFAULT '0.00' COMMENT '账户余额'
) ENGINE=MyISAM DEFAULT CHARSET=utf8;

-- --------------------------------------------------------

--
-- 表的结构 `wp_bt`
--

CREATE TABLE `wp_bt` (
  `id` int(11) NOT NULL,
  `name` varchar(255) NOT NULL,
  `kaipan` varchar(255) NOT NULL,
  `shoupan` varchar(255) NOT NULL,
  `diffRate` varchar(255) NOT NULL,
  `jinkai` varchar(255) NOT NULL,
  `date` varchar(255) NOT NULL,
  `zuidi` varchar(255) NOT NULL,
  `zuigao` varchar(255) NOT NULL,
  `time` datetime NOT NULL
) ENGINE=MyISAM DEFAULT CHARSET=utf8 ROW_FORMAT=DYNAMIC;

-- --------------------------------------------------------

--
-- 表的结构 `wp_catproduct`
--

CREATE TABLE `wp_catproduct` (
  `cid` int(11) NOT NULL,
  `cname` varchar(255) DEFAULT NULL,
  `myat` double(11,1) DEFAULT '10.0' COMMENT '点差*',
  `myatjia` double(11,2) DEFAULT '0.00' COMMENT '点差+',
  `ask` double(11,2) DEFAULT '0.00' COMMENT '现在的价格',
  `high` double(11,2) DEFAULT '0.00' COMMENT '最高',
  `low` double(11,2) DEFAULT '0.00' COMMENT '最低',
  `open` double(11,2) DEFAULT '0.00' COMMENT '今开',
  `close` double(11,2) DEFAULT '0.00' COMMENT '昨收',
  `eidtime` int(20) DEFAULT NULL COMMENT '更新时间'
) ENGINE=MyISAM DEFAULT CHARSET=utf8;

--
-- 转存表中的数据 `wp_catproduct`
--

INSERT INTO `wp_catproduct` (`cid`, `cname`, `myat`, `myatjia`, `ask`, `high`, `low`, `open`, `close`, `eidtime`) VALUES
(1, '原油', 100.0, 1500.00, 239.24, 241.78, 238.13, 240.03, 238.91, 1451993790),
(2, '白银', 1.0, 1000.00, 2928.00, 2942.00, 2899.00, 2901.00, 2902.00, 1451993791),
(3, '铜', 1.0, 1500.00, 30375.00, 30499.00, 29939.00, 30057.00, 29965.00, 1451993792),
(4, '比特币', 10.0, 0.00, 0.00, 0.00, 0.00, 0.00, 0.00, NULL),
(5, '欧元/美元', 10.0, 0.00, 0.00, 0.00, 0.00, 0.00, 0.00, NULL);

-- --------------------------------------------------------

--
-- 表的结构 `wp_cl`
--

CREATE TABLE `wp_cl` (
  `id` int(11) NOT NULL,
  `name` varchar(255) NOT NULL,
  `price` varchar(255) NOT NULL,
  `diff` varchar(255) NOT NULL,
  `diffRate` varchar(255) NOT NULL,
  `jinkai` varchar(255) NOT NULL,
  `zuoshou` varchar(255) NOT NULL,
  `zuidi` varchar(255) NOT NULL,
  `zuigao` varchar(255) NOT NULL,
  `time` datetime NOT NULL
) ENGINE=MyISAM DEFAULT CHARSET=utf8;

-- --------------------------------------------------------

--
-- 表的结构 `wp_commission`
--

CREATE TABLE `wp_commission` (
  `comid` int(11) NOT NULL,
  `ustyle` int(11) DEFAULT '0' COMMENT '状态，0显示，1是不显示',
  `rebate` double(11,2) DEFAULT NULL COMMENT '佣金',
  `cotime` int(20) DEFAULT NULL COMMENT '提现时间',
  `uid` int(11) DEFAULT NULL COMMENT '提线人id'
) ENGINE=MyISAM DEFAULT CHARSET=utf8;

--
-- 转存表中的数据 `wp_commission`
--

INSERT INTO `wp_commission` (`comid`, `ustyle`, `rebate`, `cotime`, `uid`) VALUES
(1, 0, 20.00, 1450538571, 64),
(2, 1, 100.00, 1450538571, 64),
(3, 1, 50.00, 1450538571, 64);

-- --------------------------------------------------------

--
-- 表的结构 `wp_cu`
--

CREATE TABLE `wp_cu` (
  `id` int(11) NOT NULL,
  `name` varchar(255) NOT NULL,
  `price` varchar(255) NOT NULL,
  `diff` varchar(255) NOT NULL,
  `diffRate` varchar(255) NOT NULL,
  `jinkai` varchar(255) NOT NULL,
  `zuoshou` varchar(255) NOT NULL,
  `zuidi` varchar(255) NOT NULL,
  `zuigao` varchar(255) NOT NULL,
  `time` datetime NOT NULL
) ENGINE=MyISAM DEFAULT CHARSET=utf8;

-- --------------------------------------------------------

--
-- 表的结构 `wp_eurusd`
--

CREATE TABLE `wp_eurusd` (
  `id` int(11) NOT NULL,
  `name` varchar(255) NOT NULL,
  `price` varchar(255) NOT NULL,
  `diff` varchar(255) NOT NULL,
  `diffRate` varchar(255) NOT NULL,
  `jinkai` varchar(255) NOT NULL,
  `zuoshou` varchar(255) NOT NULL,
  `zuidi` varchar(255) NOT NULL,
  `zuigao` varchar(255) NOT NULL,
  `time` datetime NOT NULL
) ENGINE=MyISAM DEFAULT CHARSET=utf8;

-- --------------------------------------------------------

--
-- 表的结构 `wp_experience`
--

CREATE TABLE `wp_experience` (
  `eid` int(11) NOT NULL,
  `eprice` int(11) DEFAULT NULL,
  `limittime` int(11) DEFAULT '0' COMMENT '时限'
) ENGINE=MyISAM DEFAULT CHARSET=utf8;

--
-- 转存表中的数据 `wp_experience`
--

INSERT INTO `wp_experience` (`eid`, `eprice`, `limittime`) VALUES
(10, 10, 2);

-- --------------------------------------------------------

--
-- 表的结构 `wp_experienceinfo`
--

CREATE TABLE `wp_experienceinfo` (
  `exid` int(11) NOT NULL,
  `uid` int(11) NOT NULL,
  `eid` int(11) DEFAULT NULL,
  `exgtime` int(20) DEFAULT NULL COMMENT '领卷时间',
  `endtime` int(30) DEFAULT NULL COMMENT '过期时间',
  `getstyle` int(11) DEFAULT NULL COMMENT '状态',
  `getway` varchar(50) DEFAULT NULL COMMENT '获得途径'
) ENGINE=MyISAM DEFAULT CHARSET=utf8;

--
-- 转存表中的数据 `wp_experienceinfo`
--

INSERT INTO `wp_experienceinfo` (`exid`, `uid`, `eid`, `exgtime`, `endtime`, `getstyle`, `getway`) VALUES
(81, 362, 6, 1455702248, 1460886248, 0, '注册赠送'),
(82, 362, 6, 1455702248, 1460886248, 0, '注册赠送'),
(83, 362, 6, 1455702248, 1460886248, 0, '注册赠送'),
(84, 364, 6, 1455764597, 1460948597, 1, '注册赠送'),
(85, 364, 6, 1455764597, 1460948597, 1, '注册赠送'),
(86, 364, 6, 1455764597, 1460948597, 0, '注册赠送'),
(87, 365, 6, 1455766824, 1460950824, 1, '注册赠送'),
(88, 365, 6, 1455766824, 1460950824, 1, '注册赠送'),
(89, 365, 6, 1455766824, 1460950824, 1, '注册赠送'),
(90, 354, 6, 1455789346, 1460973346, 1, '注册赠送'),
(91, 354, 6, 1455789346, 1460973346, 0, '注册赠送'),
(92, 354, 6, 1455789346, 1460973346, 0, '注册赠送'),
(93, 358, 6, 1455876271, 1461060271, 0, '注册赠送'),
(94, 358, 6, 1455876271, 1461060271, 0, '注册赠送'),
(95, 358, 6, 1455876271, 1461060271, 0, '注册赠送'),
(96, 347, 6, 1456977282, 1462161282, 0, '注册赠送'),
(97, 347, 6, 1456977282, 1462161282, 0, '注册赠送'),
(98, 347, 6, 1456977282, 1462161282, 0, '注册赠送'),
(99, 366, 6, 1457156458, 1462340458, 0, '注册赠送'),
(100, 366, 6, 1457156458, 1462340458, 0, '注册赠送'),
(101, 366, 6, 1457156458, 1462340458, 0, '注册赠送'),
(102, 369, 6, 1457338219, 1462522219, 0, '注册赠送'),
(103, 369, 6, 1457338219, 1462522219, 0, '注册赠送'),
(104, 369, 6, 1457338219, 1462522219, 0, '注册赠送'),
(105, 370, 6, 1457340670, 1462524670, 0, '注册赠送'),
(106, 370, 6, 1457340670, 1462524670, 0, '注册赠送'),
(107, 370, 6, 1457340670, 1462524670, 0, '注册赠送'),
(108, 352, 6, 1457427820, 1462611820, 0, '注册赠送'),
(109, 352, 6, 1457427820, 1462611820, 0, '注册赠送'),
(110, 352, 6, 1457427820, 1462611820, 0, '注册赠送'),
(111, 64, 6, 1457427954, 1462611954, 0, '注册赠送'),
(112, 64, 6, 1457427954, 1462611954, 0, '注册赠送'),
(113, 64, 6, 1457427954, 1462611954, 0, '注册赠送'),
(114, 64, 6, 1457427955, 1462611955, 0, '注册赠送'),
(115, 64, 6, 1457427955, 1462611955, 0, '注册赠送'),
(116, 64, 6, 1457427955, 1462611955, 0, '注册赠送'),
(117, 64, 6, 1457427966, 1462611966, 0, '注册赠送'),
(118, 64, 6, 1457427966, 1462611966, 0, '注册赠送'),
(119, 64, 6, 1457427966, 1462611966, 0, '注册赠送'),
(120, 372, 6, 1457427966, 1462611966, 0, '注册赠送'),
(121, 372, 6, 1457427966, 1462611966, 0, '注册赠送'),
(122, 372, 6, 1457427966, 1462611966, 0, '注册赠送'),
(123, 373, 6, 1457429030, 1462613030, 0, '注册赠送'),
(124, 373, 6, 1457429030, 1462613030, 0, '注册赠送'),
(125, 373, 6, 1457429030, 1462613030, 0, '注册赠送'),
(126, 376, 6, 1458354473, 1463538473, 0, '注册赠送'),
(127, 376, 6, 1458354473, 1463538473, 0, '注册赠送'),
(128, 376, 6, 1458354473, 1463538473, 0, '注册赠送'),
(129, 351, 6, 1458544181, 1463728181, 0, '注册赠送'),
(130, 351, 6, 1458544181, 1463728181, 0, '注册赠送'),
(131, 351, 6, 1458544181, 1463728181, 0, '注册赠送'),
(132, 377, 6, 1458733994, 1463917994, 0, '注册赠送'),
(133, 377, 6, 1458733994, 1463917994, 0, '注册赠送'),
(134, 377, 6, 1458733994, 1463917994, 0, '注册赠送'),
(135, 378, 6, 1459403509, 1464587509, 0, '注册赠送'),
(136, 378, 6, 1459403509, 1464587509, 0, '注册赠送'),
(137, 378, 6, 1459403509, 1464587509, 0, '注册赠送'),
(138, 64, 5, 1459406331, 1461998331, 0, '后台发放'),
(139, 65, 5, 1459406331, 1461998331, 0, '后台发放'),
(140, 66, 5, 1459406331, 1461998331, 0, '后台发放'),
(141, 67, 5, 1459406331, 1461998331, 1, '后台发放'),
(142, 68, 5, 1459406331, 1461998331, 0, '后台发放'),
(143, 69, 5, 1459406331, 1461998331, 0, '后台发放'),
(144, 70, 5, 1459406331, 1461998331, 0, '后台发放'),
(145, 71, 5, 1459406331, 1461998331, 0, '后台发放'),
(146, 102, 5, 1459406331, 1461998331, 0, '后台发放'),
(147, 103, 5, 1459406331, 1461998331, 0, '后台发放'),
(148, 127, 5, 1459406331, 1461998331, 0, '后台发放'),
(149, 129, 5, 1459406331, 1461998331, 0, '后台发放'),
(150, 130, 5, 1459406331, 1461998331, 0, '后台发放'),
(151, 143, 5, 1459406331, 1461998331, 0, '后台发放'),
(152, 144, 5, 1459406331, 1461998331, 0, '后台发放'),
(153, 145, 5, 1459406331, 1461998331, 0, '后台发放'),
(154, 146, 5, 1459406331, 1461998331, 0, '后台发放'),
(155, 147, 5, 1459406331, 1461998331, 0, '后台发放'),
(156, 148, 5, 1459406331, 1461998331, 0, '后台发放'),
(157, 159, 5, 1459406331, 1461998331, 0, '后台发放'),
(158, 378, 5, 1459406331, 1461998331, 0, '后台发放'),
(159, 160, 5, 1459406331, 1461998331, 0, '后台发放'),
(160, 347, 5, 1459406331, 1461998331, 0, '后台发放'),
(161, 348, 5, 1459406331, 1461998331, 0, '后台发放'),
(162, 349, 5, 1459406331, 1461998331, 0, '后台发放'),
(163, 350, 5, 1459406331, 1461998331, 0, '后台发放'),
(164, 351, 5, 1459406331, 1461998331, 0, '后台发放'),
(165, 352, 5, 1459406331, 1461998331, 0, '后台发放'),
(166, 353, 5, 1459406331, 1461998331, 0, '后台发放'),
(167, 354, 5, 1459406331, 1461998331, 0, '后台发放'),
(168, 355, 5, 1459406331, 1461998331, 0, '后台发放'),
(169, 356, 5, 1459406331, 1461998331, 0, '后台发放'),
(170, 357, 5, 1459406331, 1461998331, 0, '后台发放'),
(171, 358, 5, 1459406331, 1461998331, 0, '后台发放'),
(172, 359, 5, 1459406331, 1461998331, 0, '后台发放'),
(173, 360, 5, 1459406331, 1461998331, 0, '后台发放'),
(174, 361, 5, 1459406331, 1461998331, 0, '后台发放'),
(175, 362, 5, 1459406331, 1461998331, 0, '后台发放'),
(176, 365, 5, 1459406331, 1461998331, 0, '后台发放'),
(177, 364, 5, 1459406331, 1461998331, 0, '后台发放'),
(178, 368, 5, 1459406331, 1461998331, 0, '后台发放'),
(179, 367, 5, 1459406331, 1461998331, 0, '后台发放'),
(180, 369, 5, 1459406331, 1461998331, 0, '后台发放'),
(181, 370, 5, 1459406331, 1461998331, 0, '后台发放'),
(182, 371, 5, 1459406331, 1461998331, 0, '后台发放'),
(183, 372, 5, 1459406331, 1461998331, 0, '后台发放'),
(184, 373, 5, 1459406331, 1461998331, 0, '后台发放'),
(185, 374, 5, 1459406331, 1461998331, 0, '后台发放'),
(186, 375, 5, 1459406331, 1461998331, 0, '后台发放'),
(187, 376, 5, 1459406331, 1461998331, 0, '后台发放'),
(188, 377, 5, 1459406331, 1461998331, 0, '后台发放'),
(189, 64, 5, 1459428937, 1462020937, 0, '后台发放'),
(190, 65, 5, 1459428937, 1462020937, 0, '后台发放'),
(191, 66, 5, 1459428937, 1462020937, 0, '后台发放'),
(192, 67, 5, 1459428937, 1462020937, 1, '后台发放'),
(193, 68, 5, 1459428937, 1462020937, 0, '后台发放'),
(194, 69, 5, 1459428937, 1462020937, 0, '后台发放'),
(195, 70, 5, 1459428937, 1462020937, 0, '后台发放'),
(196, 71, 5, 1459428937, 1462020937, 0, '后台发放'),
(197, 102, 5, 1459428937, 1462020937, 0, '后台发放'),
(198, 103, 5, 1459428937, 1462020937, 0, '后台发放'),
(199, 127, 5, 1459428937, 1462020937, 0, '后台发放'),
(200, 129, 5, 1459428937, 1462020937, 0, '后台发放'),
(201, 130, 5, 1459428937, 1462020937, 0, '后台发放'),
(202, 143, 5, 1459428937, 1462020937, 0, '后台发放'),
(203, 144, 5, 1459428937, 1462020937, 0, '后台发放'),
(204, 145, 5, 1459428937, 1462020937, 0, '后台发放'),
(205, 146, 5, 1459428937, 1462020937, 0, '后台发放'),
(206, 147, 5, 1459428937, 1462020937, 0, '后台发放'),
(207, 148, 5, 1459428937, 1462020937, 0, '后台发放'),
(208, 159, 5, 1459428937, 1462020937, 0, '后台发放'),
(209, 378, 5, 1459428937, 1462020937, 0, '后台发放'),
(210, 160, 5, 1459428937, 1462020937, 0, '后台发放'),
(211, 347, 5, 1459428937, 1462020937, 0, '后台发放'),
(212, 348, 5, 1459428937, 1462020937, 0, '后台发放'),
(213, 349, 5, 1459428937, 1462020937, 0, '后台发放'),
(214, 350, 5, 1459428937, 1462020937, 0, '后台发放'),
(215, 351, 5, 1459428937, 1462020937, 0, '后台发放'),
(216, 352, 5, 1459428937, 1462020937, 0, '后台发放'),
(217, 353, 5, 1459428937, 1462020937, 0, '后台发放'),
(218, 354, 5, 1459428937, 1462020937, 0, '后台发放'),
(219, 355, 5, 1459428937, 1462020937, 0, '后台发放'),
(220, 356, 5, 1459428937, 1462020937, 0, '后台发放'),
(221, 357, 5, 1459428937, 1462020937, 0, '后台发放'),
(222, 358, 5, 1459428937, 1462020937, 0, '后台发放'),
(223, 359, 5, 1459428937, 1462020937, 0, '后台发放'),
(224, 360, 5, 1459428937, 1462020937, 0, '后台发放'),
(225, 361, 5, 1459428937, 1462020937, 0, '后台发放'),
(226, 362, 5, 1459428937, 1462020937, 0, '后台发放'),
(227, 365, 5, 1459428937, 1462020937, 0, '后台发放'),
(228, 364, 5, 1459428937, 1462020937, 0, '后台发放'),
(229, 368, 5, 1459428937, 1462020937, 0, '后台发放'),
(230, 367, 5, 1459428937, 1462020937, 0, '后台发放'),
(231, 369, 5, 1459428937, 1462020937, 0, '后台发放'),
(232, 370, 5, 1459428937, 1462020937, 0, '后台发放'),
(233, 371, 5, 1459428937, 1462020937, 0, '后台发放'),
(234, 372, 5, 1459428937, 1462020937, 0, '后台发放'),
(235, 373, 5, 1459428937, 1462020937, 0, '后台发放'),
(236, 374, 5, 1459428937, 1462020937, 0, '后台发放'),
(237, 375, 5, 1459428937, 1462020937, 0, '后台发放'),
(238, 376, 5, 1459428937, 1462020937, 0, '后台发放'),
(239, 377, 5, 1459428937, 1462020937, 0, '后台发放'),
(240, 379, 5, 1459428937, 1462020937, 0, '后台发放'),
(241, 381, 6, 1459922919, 1465106919, 0, '注册赠送'),
(242, 381, 6, 1459922919, 1465106919, 0, '注册赠送'),
(243, 381, 6, 1459922919, 1465106919, 0, '注册赠送'),
(244, 382, 6, 1459923639, 1465107639, 0, '注册赠送'),
(245, 382, 6, 1459923639, 1465107639, 0, '注册赠送'),
(246, 382, 6, 1459923639, 1465107639, 0, '注册赠送'),
(247, 384, 6, 1459925374, 1465109374, 0, '注册赠送'),
(248, 384, 6, 1459925374, 1465109374, 0, '注册赠送'),
(249, 384, 6, 1459925374, 1465109374, 0, '注册赠送'),
(250, 385, 6, 1459925506, 1465109506, 0, '注册赠送'),
(251, 385, 6, 1459925506, 1465109506, 0, '注册赠送'),
(252, 385, 6, 1459925506, 1465109506, 0, '注册赠送'),
(253, 387, 6, 1459925810, 1465109810, 0, '注册赠送'),
(254, 387, 6, 1459925810, 1465109810, 0, '注册赠送'),
(255, 387, 6, 1459925810, 1465109810, 0, '注册赠送'),
(256, 90, 6, 1459925810, 1465109810, 0, '分享赠送'),
(257, 388, 6, 1459926135, 1465110135, 1, '注册赠送'),
(258, 388, 6, 1459926135, 1465110135, 0, '注册赠送'),
(259, 388, 6, 1459926135, 1465110135, 0, '注册赠送'),
(260, 350, 6, 1459926194, 1465110194, 0, '注册赠送'),
(261, 350, 6, 1459926194, 1465110194, 0, '注册赠送'),
(262, 350, 6, 1459926194, 1465110194, 0, '注册赠送'),
(263, 388, 6, 1459926194, 1465110194, 0, '分享赠送'),
(264, 389, 6, 1459927704, 1465111704, 0, '注册赠送'),
(265, 389, 6, 1459927704, 1465111704, 0, '注册赠送'),
(266, 389, 6, 1459927704, 1465111704, 0, '注册赠送'),
(267, 390, 6, 1459928805, 1465112805, 0, '注册赠送'),
(268, 390, 6, 1459928805, 1465112805, 0, '注册赠送'),
(269, 390, 6, 1459928805, 1465112805, 0, '注册赠送'),
(270, 361, 6, 1460340420, 1465524420, 0, '注册赠送'),
(271, 361, 6, 1460340420, 1465524420, 0, '注册赠送'),
(272, 361, 6, 1460340420, 1465524420, 0, '注册赠送'),
(273, 64, 6, 1460340425, 1465524425, 0, '注册赠送'),
(274, 64, 6, 1460340425, 1465524425, 0, '注册赠送'),
(275, 64, 6, 1460340425, 1465524425, 0, '注册赠送'),
(276, 393, 6, 1460364807, 1465548807, 0, '注册赠送'),
(277, 393, 6, 1460364807, 1465548807, 0, '注册赠送'),
(278, 393, 6, 1460364807, 1465548807, 0, '注册赠送'),
(279, 396, 6, 1460509650, 1465693650, 0, '注册赠送'),
(280, 396, 6, 1460509650, 1465693650, 0, '注册赠送'),
(281, 396, 6, 1460509650, 1465693650, 0, '注册赠送'),
(282, 397, 6, 1460535355, 1465719355, 1, '注册赠送'),
(283, 397, 6, 1460535355, 1465719355, 1, '注册赠送'),
(284, 397, 6, 1460535355, 1465719355, 0, '注册赠送'),
(285, 64, 6, 1460535359, 1465719359, 0, '注册赠送'),
(286, 64, 6, 1460535359, 1465719359, 0, '注册赠送'),
(287, 64, 6, 1460535359, 1465719359, 0, '注册赠送'),
(288, 398, 6, 1460535382, 1465719382, 1, '注册赠送'),
(289, 398, 6, 1460535382, 1465719382, 1, '注册赠送'),
(290, 398, 6, 1460535382, 1465719382, 0, '注册赠送'),
(291, 399, 6, 1460606967, 1465790967, 0, '注册赠送'),
(292, 399, 6, 1460606967, 1465790967, 0, '注册赠送'),
(293, 399, 6, 1460606967, 1465790967, 0, '注册赠送'),
(294, 400, 6, 1460967642, 1466151642, 0, '注册赠送'),
(295, 400, 6, 1460967642, 1466151642, 0, '注册赠送'),
(296, 400, 6, 1460967642, 1466151642, 0, '注册赠送'),
(297, 401, 6, 1461033148, 1466217148, 1, '注册赠送'),
(298, 401, 6, 1461033148, 1466217148, 1, '注册赠送'),
(299, 401, 6, 1461033148, 1466217148, 1, '注册赠送'),
(300, 402, 6, 1461209909, 1466393909, 1, '注册赠送'),
(301, 402, 6, 1461209909, 1466393909, 1, '注册赠送'),
(302, 402, 6, 1461209909, 1466393909, 0, '注册赠送'),
(303, 403, 6, 1461217356, 1466401356, 0, '注册赠送'),
(304, 403, 6, 1461217356, 1466401356, 0, '注册赠送'),
(305, 403, 6, 1461217356, 1466401356, 0, '注册赠送'),
(306, 404, 6, 1461321462, 1466505462, 0, '注册赠送'),
(307, 404, 6, 1461321462, 1466505462, 0, '注册赠送'),
(308, 404, 6, 1461321462, 1466505462, 0, '注册赠送'),
(309, 360, 6, 1461321474, 1466505474, 0, '注册赠送'),
(310, 360, 6, 1461321474, 1466505474, 0, '注册赠送'),
(311, 360, 6, 1461321474, 1466505474, 0, '注册赠送'),
(312, 405, 6, 1461577079, 1466761079, 0, '注册赠送'),
(313, 405, 6, 1461577079, 1466761079, 0, '注册赠送'),
(314, 405, 6, 1461577079, 1466761079, 0, '注册赠送'),
(315, 406, 6, 1461687869, 1466871869, 0, '注册赠送'),
(316, 406, 6, 1461687869, 1466871869, 0, '注册赠送'),
(317, 406, 6, 1461687869, 1466871869, 0, '注册赠送'),
(318, 407, 6, 1461722356, 1466906356, 0, '注册赠送'),
(319, 407, 6, 1461722356, 1466906356, 0, '注册赠送'),
(320, 407, 6, 1461722356, 1466906356, 0, '注册赠送'),
(321, 408, 6, 1461723060, 1466907060, 0, '注册赠送'),
(322, 408, 6, 1461723060, 1466907060, 0, '注册赠送'),
(323, 408, 6, 1461723060, 1466907060, 0, '注册赠送'),
(324, 409, 6, 1461910621, 1467094621, 0, '注册赠送'),
(325, 409, 6, 1461910621, 1467094621, 0, '注册赠送'),
(326, 409, 6, 1461910621, 1467094621, 0, '注册赠送'),
(327, 410, 6, 1461915154, 1467099154, 1, '注册赠送'),
(328, 410, 6, 1461915154, 1467099154, 0, '注册赠送'),
(329, 410, 6, 1461915154, 1467099154, 0, '注册赠送'),
(330, 67, 5, 1462501392, 1465093392, 1, '后台发放'),
(331, 412, 6, 1462711994, 1467895994, 0, '注册赠送'),
(332, 412, 6, 1462711994, 1467895994, 0, '注册赠送'),
(333, 412, 6, 1462711994, 1467895994, 0, '注册赠送'),
(334, 68, 9, 1463386456, 1464250456, 0, '后台发放'),
(335, 67, 9, 1463386456, 1464250456, 1, '后台发放'),
(336, 338, 9, 1463386456, 1464250456, 0, '后台发放'),
(337, 339, 9, 1463386456, 1464250456, 0, '后台发放'),
(338, 340, 9, 1463386456, 1464250456, 0, '后台发放'),
(339, 341, 9, 1463386456, 1464250456, 0, '后台发放'),
(340, 342, 9, 1463386456, 1464250456, 0, '后台发放'),
(341, 343, 9, 1463386456, 1464250456, 0, '后台发放'),
(342, 344, 9, 1463386456, 1464250456, 0, '后台发放'),
(343, 345, 9, 1463386456, 1464250456, 0, '后台发放'),
(344, 346, 6, 1463858338, 1469042338, 0, '注册赠送'),
(345, 346, 6, 1463858338, 1469042338, 0, '注册赠送'),
(346, 346, 6, 1463858338, 1469042338, 0, '注册赠送'),
(347, 67, 6, 1463858338, 1469042338, 1, '分享赠送'),
(348, 68, 5, 1464117883, 1466709883, 0, '后台发放'),
(349, 67, 5, 1464117883, 1466709883, 1, '后台发放'),
(350, 338, 5, 1464117883, 1466709883, 0, '后台发放'),
(351, 339, 5, 1464117883, 1466709883, 0, '后台发放'),
(352, 340, 5, 1464117883, 1466709883, 0, '后台发放'),
(353, 341, 5, 1464117883, 1466709883, 0, '后台发放'),
(354, 342, 5, 1464117883, 1466709883, 0, '后台发放'),
(355, 343, 5, 1464117883, 1466709883, 0, '后台发放'),
(356, 344, 5, 1464117883, 1466709883, 0, '后台发放'),
(357, 345, 5, 1464117883, 1466709883, 0, '后台发放'),
(358, 346, 5, 1464117883, 1466709883, 0, '后台发放'),
(359, 68, 5, 1471427370, 1474019370, 1, '后台发放'),
(360, 67, 5, 1471427370, 1474019370, 0, '后台发放'),
(361, 347, 5, 1471427370, 1474019370, 0, '后台发放'),
(362, 348, 5, 1471427370, 1474019370, 0, '后台发放'),
(363, 349, 5, 1471427370, 1474019370, 0, '后台发放'),
(364, 350, 5, 1471427370, 1474019370, 0, '后台发放'),
(365, 351, 5, 1471427370, 1474019370, 0, '后台发放'),
(366, 352, 5, 1471427370, 1474019370, 0, '后台发放'),
(367, 353, 5, 1471427370, 1474019370, 0, '后台发放'),
(368, 354, 5, 1471427370, 1474019370, 0, '后台发放'),
(369, 355, 5, 1471427370, 1474019370, 0, '后台发放'),
(370, 356, 5, 1471427370, 1474019370, 0, '后台发放'),
(371, 357, 5, 1471427370, 1474019370, 0, '后台发放'),
(372, 358, 5, 1471427370, 1474019370, 0, '后台发放'),
(373, 68, 5, 1475076434, 1477668434, 0, '后台发放');

-- --------------------------------------------------------

--
-- 表的结构 `wp_journal`
--

CREATE TABLE `wp_journal` (
  `id` int(11) NOT NULL,
  `jno` varchar(255) NOT NULL COMMENT '日志编号',
  `uid` int(11) DEFAULT NULL,
  `jtype` varchar(255) DEFAULT NULL COMMENT '操作类型，建仓，平仓',
  `jtime` int(20) DEFAULT NULL COMMENT '操作时间',
  `jincome` double(255,2) DEFAULT NULL COMMENT '收支金额',
  `number` int(11) DEFAULT NULL COMMENT '手数',
  `remarks` varchar(255) DEFAULT NULL COMMENT '备注：',
  `balance` double(255,2) DEFAULT NULL COMMENT '记录当时用户余额',
  `jstate` int(11) DEFAULT NULL COMMENT '0亏损，1盈利',
  `jusername` varchar(20) DEFAULT NULL COMMENT '用户名',
  `jostyle` int(11) DEFAULT NULL COMMENT '0涨，1跌',
  `juprice` double(11,2) DEFAULT NULL COMMENT '产品单价',
  `jfee` double(11,1) DEFAULT NULL COMMENT '手续费',
  `jbuyprice` double(11,2) DEFAULT NULL COMMENT '进仓价',
  `jsellprice` double(11,2) DEFAULT NULL COMMENT '平仓价',
  `jaccess` double(11,2) DEFAULT NULL COMMENT '出入金额',
  `jploss` double(11,2) DEFAULT NULL COMMENT '盈亏金额',
  `oid` int(10) DEFAULT NULL COMMENT '订单id'
) ENGINE=MyISAM DEFAULT CHARSET=utf8;

--
-- 转存表中的数据 `wp_journal`
--

INSERT INTO `wp_journal` (`id`, `jno`, `uid`, `jtype`, `jtime`, `jincome`, `number`, `remarks`, `balance`, `jstate`, `jusername`, `jostyle`, `juprice`, `jfee`, `jbuyprice`, `jsellprice`, `jaccess`, `jploss`, `oid`) VALUES
(10, '1479457042505', 68, '平仓', 1479457042, 100.00, 100, '原油', 99100.00, 0, 'admin', 0, 45.88, NULL, 45.88, 45.88, 100.00, 100.00, 1),
(11, '1479457085100', 68, '平仓', 1479457085, 100.00, 100, '原油', 99200.00, 0, 'admin', 0, 45.88, NULL, 45.88, 45.88, 100.00, 100.00, 2),
(12, '1479457150101', 68, '平仓', 1479457150, 100.00, 100, '原油', 99300.00, 0, 'admin', 0, 45.88, NULL, 45.88, 45.88, 100.00, 100.00, 1),
(13, '1479457188521', 68, '平仓', 1479457189, 100.00, 100, '原油', 99400.00, 0, 'admin', 0, 45.88, NULL, 45.88, 45.88, 100.00, 100.00, 2),
(14, '1479457304565', 68, '平仓', 1479457304, 100.00, 100, '原油', 99500.00, 0, 'admin', 0, 45.88, NULL, 45.88, 45.88, 100.00, 100.00, 1),
(15, '1479457316521', 68, '平仓', 1479457316, 100.00, 100, '原油', 99600.00, 0, 'admin', 0, 45.88, NULL, 45.88, 45.88, 100.00, 100.00, 2),
(16, '14794573165210', 379, '返点', 1479457316, NULL, NULL, '原油', 2.00, NULL, 'test001', NULL, NULL, 0.0, NULL, NULL, 1.00, 0.00, NULL),
(17, '14794573165210', 378, '返点', 1479457316, NULL, NULL, '原油', 2.00, NULL, '123123123', NULL, NULL, 0.0, NULL, NULL, 2.00, 0.00, NULL),
(18, '14794573165210', 377, '返点', 1479457316, NULL, NULL, '原油', 3.00, NULL, '123123', NULL, NULL, 0.0, NULL, NULL, 3.00, 0.00, NULL),
(19, '14794573165210', 376, '返点', 1479457316, NULL, NULL, '原油', 10004.00, NULL, '大家好', NULL, NULL, 0.0, NULL, NULL, 4.00, 0.00, NULL),
(20, '14794573165210', 375, '返点', 1479457316, NULL, NULL, '原油', 5.00, NULL, '', NULL, NULL, 0.0, NULL, NULL, 5.00, 0.00, NULL),
(21, '14794573165210', 374, '返点', 1479457316, NULL, NULL, '原油', 6.00, NULL, '', NULL, NULL, 0.0, NULL, NULL, 6.00, 0.00, NULL),
(22, '14794573165210', 68, '返点', 1479457316, NULL, NULL, '原油', 99607.00, NULL, 'admin', NULL, NULL, 0.0, NULL, NULL, 7.00, 0.00, NULL),
(23, '1479457427511', 68, '平仓', 1479457427, 100.00, 100, '原油', 99700.00, 0, 'admin', 0, 45.88, NULL, 45.88, 45.88, 100.00, 100.00, 1),
(24, '1479457463559', 68, '平仓', 1479457463, 100.00, 100, '原油', 99800.00, 0, 'admin', 0, 45.88, NULL, 45.88, 45.88, 100.00, 100.00, 2),
(25, '1479457601494', 68, '平仓', 1479457601, 100.00, 100, '原油', 99900.00, 0, 'admin', 0, 45.88, NULL, 45.88, 45.88, 100.00, 100.00, 1),
(26, '1479457631102', 68, '平仓', 1479457631, 100.00, 100, '原油', 100000.00, 0, 'admin', 0, 45.88, NULL, 45.88, 45.88, 100.00, 100.00, 2),
(27, '1479457631103', 379, '返点', 1479457631, NULL, NULL, '原油', 2.00, NULL, 'test001', NULL, NULL, 0.0, NULL, NULL, 1.00, 0.00, NULL),
(28, '1479457631104', 378, '返点', 1479457631, NULL, NULL, '原油', 2.00, NULL, '123123123', NULL, NULL, 0.0, NULL, NULL, 2.00, 0.00, NULL),
(29, '1479457631105', 377, '返点', 1479457631, NULL, NULL, '原油', 3.00, NULL, '123123', NULL, NULL, 0.0, NULL, NULL, 3.00, 0.00, NULL),
(30, '1479457631106', 376, '返点', 1479457631, NULL, NULL, '原油', 10004.00, NULL, '大家好', NULL, NULL, 0.0, NULL, NULL, 4.00, 0.00, NULL),
(31, '1479457631107', 375, '返点', 1479457631, NULL, NULL, '原油', 5.00, NULL, '', NULL, NULL, 0.0, NULL, NULL, 5.00, 0.00, NULL),
(32, '1479457631108', 374, '返点', 1479457631, NULL, NULL, '原油', 6.00, NULL, '', NULL, NULL, 0.0, NULL, NULL, 6.00, 0.00, NULL),
(33, '1479457631109', 68, '返点', 1479457631, NULL, NULL, '原油', 100007.00, NULL, 'admin', NULL, NULL, 0.0, NULL, NULL, 7.00, 0.00, NULL),
(34, '1479530077100', 68, '建仓', 1479530077, 100.00, 100, '原油', 99880.00, 0, 'admin', 0, NULL, 20.0, 0.00, NULL, -120.00, NULL, 3),
(35, '1479530077101', 379, '返点', 1479530077, NULL, NULL, '原油', 2.00, NULL, 'test001', NULL, NULL, 0.0, NULL, NULL, 1.00, 0.00, NULL),
(36, '1479530077102', 378, '返点', 1479530077, NULL, NULL, '原油', 2.00, NULL, '123123123', NULL, NULL, 0.0, NULL, NULL, 2.00, 0.00, NULL),
(37, '1479530077103', 377, '返点', 1479530077, NULL, NULL, '原油', 3.00, NULL, '123123', NULL, NULL, 0.0, NULL, NULL, 3.00, 0.00, NULL),
(38, '1479530077104', 376, '返点', 1479530077, NULL, NULL, '原油', 10004.00, NULL, '大家好', NULL, NULL, 0.0, NULL, NULL, 4.00, 0.00, NULL),
(39, '1479530077105', 375, '返点', 1479530077, NULL, NULL, '原油', 5.00, NULL, '', NULL, NULL, 0.0, NULL, NULL, 5.00, 0.00, NULL),
(40, '1479530077106', 374, '返点', 1479530077, NULL, NULL, '原油', 6.00, NULL, '', NULL, NULL, 0.0, NULL, NULL, 6.00, 0.00, NULL),
(41, '1479530077107', 68, '返点', 1479530077, NULL, NULL, '原油', 99887.00, NULL, 'admin', NULL, NULL, 0.0, NULL, NULL, 7.00, 0.00, NULL),
(42, '1479530246544', 68, '建仓', 1479530246, 100.00, 100, '原油', 99760.00, 0, 'admin', 0, NULL, 20.0, 0.00, NULL, -120.00, NULL, 4),
(43, '1479530246545', 379, '返点', 1479530246, NULL, NULL, '原油', 2.00, NULL, 'test001', NULL, NULL, 0.0, NULL, NULL, 1.00, 0.00, NULL),
(44, '1479530246546', 378, '返点', 1479530246, NULL, NULL, '原油', 2.00, NULL, '123123123', NULL, NULL, 0.0, NULL, NULL, 2.00, 0.00, NULL),
(45, '1479530246547', 377, '返点', 1479530246, NULL, NULL, '原油', 3.00, NULL, '123123', NULL, NULL, 0.0, NULL, NULL, 3.00, 0.00, NULL),
(46, '1479530246548', 376, '返点', 1479530246, NULL, NULL, '原油', 10004.00, NULL, '大家好', NULL, NULL, 0.0, NULL, NULL, 4.00, 0.00, NULL),
(47, '1479530246549', 375, '返点', 1479530246, NULL, NULL, '原油', 5.00, NULL, '', NULL, NULL, 0.0, NULL, NULL, 5.00, 0.00, NULL),
(48, '1479530246550', 374, '返点', 1479530246, NULL, NULL, '原油', 6.00, NULL, '', NULL, NULL, 0.0, NULL, NULL, 6.00, 0.00, NULL),
(49, '1479530246551', 68, '返点', 1479530246, NULL, NULL, '原油', 99767.00, NULL, 'admin', NULL, NULL, 0.0, NULL, NULL, 7.00, 0.00, NULL),
(50, '1479530618979', 68, '建仓', 1479530618, 100.00, 100, '原油', 99640.00, 0, 'admin', 0, NULL, 20.0, 0.00, NULL, -120.00, NULL, 5),
(51, '1479530618972', 379, '返点', 1479530618, NULL, NULL, '原油', 2.00, NULL, 'test001', NULL, NULL, 0.0, NULL, NULL, 1.00, 0.00, NULL),
(52, '1479530618973', 378, '返点', 1479530618, NULL, NULL, '原油', 2.00, NULL, '123123123', NULL, NULL, 0.0, NULL, NULL, 2.00, 0.00, NULL),
(53, '1479530618974', 377, '返点', 1479530618, NULL, NULL, '原油', 3.00, NULL, '123123', NULL, NULL, 0.0, NULL, NULL, 3.00, 0.00, NULL),
(54, '1479530618975', 376, '返点', 1479530618, NULL, NULL, '原油', 10004.00, NULL, '大家好', NULL, NULL, 0.0, NULL, NULL, 4.00, 0.00, NULL),
(55, '1479530618976', 375, '返点', 1479530618, NULL, NULL, '原油', 5.00, NULL, '', NULL, NULL, 0.0, NULL, NULL, 5.00, 0.00, NULL),
(56, '1479530618977', 374, '返点', 1479530618, NULL, NULL, '原油', 6.00, NULL, '', NULL, NULL, 0.0, NULL, NULL, 6.00, 0.00, NULL),
(57, '1479530618978', 68, '返点', 1479530618, NULL, NULL, '原油', 99647.00, NULL, 'admin', NULL, NULL, 0.0, NULL, NULL, 7.00, 0.00, NULL),
(58, '1479530672485', 68, '建仓', 1479530672, 100.00, 100, '原油', 99520.00, 0, 'admin', 0, NULL, 20.0, 0.00, NULL, -120.00, NULL, 6),
(59, '1479530672486', 379, '返点', 1479530672, NULL, NULL, '原油', 2.00, NULL, 'test001', NULL, NULL, 0.0, NULL, NULL, 1.00, 0.00, NULL),
(60, '1479530672487', 378, '返点', 1479530672, NULL, NULL, '原油', 2.00, NULL, '123123123', NULL, NULL, 0.0, NULL, NULL, 2.00, 0.00, NULL),
(61, '1479530672488', 377, '返点', 1479530672, NULL, NULL, '原油', 3.00, NULL, '123123', NULL, NULL, 0.0, NULL, NULL, 3.00, 0.00, NULL),
(62, '1479530672489', 376, '返点', 1479530672, NULL, NULL, '原油', 10004.00, NULL, '大家好', NULL, NULL, 0.0, NULL, NULL, 4.00, 0.00, NULL),
(63, '1479530672490', 375, '返点', 1479530672, NULL, NULL, '原油', 5.00, NULL, '', NULL, NULL, 0.0, NULL, NULL, 5.00, 0.00, NULL),
(64, '1479530672491', 374, '返点', 1479530672, NULL, NULL, '原油', 6.00, NULL, '', NULL, NULL, 0.0, NULL, NULL, 6.00, 0.00, NULL),
(65, '1479530672492', 68, '返点', 1479530672, NULL, NULL, '原油', 99527.00, NULL, 'admin', NULL, NULL, 0.0, NULL, NULL, 7.00, 0.00, NULL),
(66, '1479530697574', 68, '建仓', 1479530697, 100.00, 100, '原油', 99400.00, 0, 'admin', 0, NULL, 20.0, 0.00, NULL, -120.00, NULL, 7),
(67, '1479530697576', 379, '返点', 1479530697, NULL, NULL, '原油', 2.00, NULL, 'test001', NULL, NULL, 0.0, NULL, NULL, 1.00, 0.00, NULL),
(68, '1479530697577', 378, '返点', 1479530697, NULL, NULL, '原油', 2.00, NULL, '123123123', NULL, NULL, 0.0, NULL, NULL, 2.00, 0.00, NULL),
(69, '1479530697578', 377, '返点', 1479530697, NULL, NULL, '原油', 3.00, NULL, '123123', NULL, NULL, 0.0, NULL, NULL, 3.00, 0.00, NULL),
(70, '1479530697579', 376, '返点', 1479530697, NULL, NULL, '原油', 10004.00, NULL, '大家好', NULL, NULL, 0.0, NULL, NULL, 4.00, 0.00, NULL),
(71, '1479530697580', 375, '返点', 1479530697, NULL, NULL, '原油', 5.00, NULL, '', NULL, NULL, 0.0, NULL, NULL, 5.00, 0.00, NULL),
(72, '1479530697581', 374, '返点', 1479530697, NULL, NULL, '原油', 6.00, NULL, '', NULL, NULL, 0.0, NULL, NULL, 6.00, 0.00, NULL),
(73, '1479530697582', 68, '返点', 1479530697, NULL, NULL, '原油', 99407.00, NULL, 'admin', NULL, NULL, 0.0, NULL, NULL, 7.00, 0.00, NULL),
(74, '1479530748999', 68, '建仓', 1479530748, 100.00, 100, '原油', 99280.00, 0, 'admin', 0, NULL, 20.0, 0.00, NULL, -120.00, NULL, 8),
(75, '1479530749000', 379, '返点', 1479530748, NULL, NULL, '原油', 2.00, NULL, 'test001', NULL, NULL, 0.0, NULL, NULL, 1.00, 0.00, NULL),
(76, '1479530749001', 378, '返点', 1479530748, NULL, NULL, '原油', 2.00, NULL, '123123123', NULL, NULL, 0.0, NULL, NULL, 2.00, 0.00, NULL),
(77, '1479530749002', 377, '返点', 1479530748, NULL, NULL, '原油', 3.00, NULL, '123123', NULL, NULL, 0.0, NULL, NULL, 3.00, 0.00, NULL),
(78, '1479530749003', 376, '返点', 1479530748, NULL, NULL, '原油', 10004.00, NULL, '大家好', NULL, NULL, 0.0, NULL, NULL, 4.00, 0.00, NULL),
(79, '1479530749004', 375, '返点', 1479530748, NULL, NULL, '原油', 5.00, NULL, '', NULL, NULL, 0.0, NULL, NULL, 5.00, 0.00, NULL),
(80, '1479530749005', 374, '返点', 1479530748, NULL, NULL, '原油', 6.00, NULL, '', NULL, NULL, 0.0, NULL, NULL, 6.00, 0.00, NULL),
(81, '1479530749006', 68, '返点', 1479530748, NULL, NULL, '原油', 99287.00, NULL, 'admin', NULL, NULL, 0.0, NULL, NULL, 7.00, 0.00, NULL),
(82, '1479530838541', 68, '建仓', 1479530838, 100.00, 100, '原油', 99160.00, 0, 'admin', 0, NULL, 20.0, 0.00, NULL, -120.00, NULL, 9),
(83, '1479530838542', 379, '返点', 1479530838, NULL, NULL, '原油', 2.00, NULL, 'test001', NULL, NULL, 0.0, NULL, NULL, 1.00, 0.00, NULL),
(84, '1479530838543', 378, '返点', 1479530838, NULL, NULL, '原油', 2.00, NULL, '123123123', NULL, NULL, 0.0, NULL, NULL, 2.00, 0.00, NULL),
(85, '1479530838544', 377, '返点', 1479530839, NULL, NULL, '原油', 3.00, NULL, '123123', NULL, NULL, 0.0, NULL, NULL, 3.00, 0.00, NULL),
(86, '1479530838545', 376, '返点', 1479530839, NULL, NULL, '原油', 10004.00, NULL, '大家好', NULL, NULL, 0.0, NULL, NULL, 4.00, 0.00, NULL),
(87, '1479530838546', 375, '返点', 1479530839, NULL, NULL, '原油', 5.00, NULL, '', NULL, NULL, 0.0, NULL, NULL, 5.00, 0.00, NULL),
(88, '1479530838547', 374, '返点', 1479530839, NULL, NULL, '原油', 6.00, NULL, '', NULL, NULL, 0.0, NULL, NULL, 6.00, 0.00, NULL),
(89, '1479530838548', 68, '返点', 1479530839, NULL, NULL, '原油', 99167.00, NULL, 'admin', NULL, NULL, 0.0, NULL, NULL, 7.00, 0.00, NULL),
(90, '1479530866504', 68, '建仓', 1479530866, 100.00, 100, '原油', 99040.00, 0, 'admin', 0, NULL, 20.0, 0.00, NULL, -120.00, NULL, 10),
(91, '1479530866505', 379, '返点', 1479530866, NULL, NULL, '原油', 2.00, NULL, 'test001', NULL, NULL, 0.0, NULL, NULL, 1.00, 0.00, NULL),
(92, '1479530866506', 378, '返点', 1479530866, NULL, NULL, '原油', 2.00, NULL, '123123123', NULL, NULL, 0.0, NULL, NULL, 2.00, 0.00, NULL),
(93, '1479530866507', 377, '返点', 1479530866, NULL, NULL, '原油', 3.00, NULL, '123123', NULL, NULL, 0.0, NULL, NULL, 3.00, 0.00, NULL),
(94, '1479530866508', 376, '返点', 1479530866, NULL, NULL, '原油', 10004.00, NULL, '大家好', NULL, NULL, 0.0, NULL, NULL, 4.00, 0.00, NULL),
(95, '1479530866509', 375, '返点', 1479530866, NULL, NULL, '原油', 5.00, NULL, '', NULL, NULL, 0.0, NULL, NULL, 5.00, 0.00, NULL),
(96, '1479530866510', 374, '返点', 1479530866, NULL, NULL, '原油', 6.00, NULL, '', NULL, NULL, 0.0, NULL, NULL, 6.00, 0.00, NULL),
(97, '1479530866511', 68, '返点', 1479530866, NULL, NULL, '原油', 99047.00, NULL, 'admin', NULL, NULL, 0.0, NULL, NULL, 7.00, 0.00, NULL),
(98, '1479530902544', 68, '建仓', 1479530902, 100.00, 100, '原油', 98920.00, 0, 'admin', 0, NULL, 20.0, 0.00, NULL, -120.00, NULL, 11),
(99, '1479530902545', 379, '返点', 1479530902, NULL, NULL, '原油', 2.00, NULL, 'test001', NULL, NULL, 0.0, NULL, NULL, 1.00, 0.00, NULL),
(100, '1479530902546', 378, '返点', 1479530902, NULL, NULL, '原油', 2.00, NULL, '123123123', NULL, NULL, 0.0, NULL, NULL, 2.00, 0.00, NULL),
(101, '1479530902547', 377, '返点', 1479530902, NULL, NULL, '原油', 3.00, NULL, '123123', NULL, NULL, 0.0, NULL, NULL, 3.00, 0.00, NULL),
(102, '1479530902548', 376, '返点', 1479530902, NULL, NULL, '原油', 10004.00, NULL, '大家好', NULL, NULL, 0.0, NULL, NULL, 4.00, 0.00, NULL),
(103, '1479530902549', 375, '返点', 1479530902, NULL, NULL, '原油', 5.00, NULL, '', NULL, NULL, 0.0, NULL, NULL, 5.00, 0.00, NULL),
(104, '1479530902550', 374, '返点', 1479530902, NULL, NULL, '原油', 6.00, NULL, '', NULL, NULL, 0.0, NULL, NULL, 6.00, 0.00, NULL),
(105, '1479530902551', 68, '返点', 1479530902, NULL, NULL, '原油', 98927.00, NULL, 'admin', NULL, NULL, 0.0, NULL, NULL, 7.00, 0.00, NULL),
(106, '1479530925100', 68, '建仓', 1479530925, 100.00, 100, '原油', 98800.00, 0, 'admin', 0, NULL, 20.0, 0.00, NULL, -120.00, NULL, 12),
(107, '1479530925101', 379, '返点', 1479530925, NULL, NULL, '原油', 2.00, NULL, 'test001', NULL, NULL, 0.0, NULL, NULL, 1.00, 0.00, NULL),
(108, '1479530925102', 378, '返点', 1479530925, NULL, NULL, '原油', 2.00, NULL, '123123123', NULL, NULL, 0.0, NULL, NULL, 2.00, 0.00, NULL),
(109, '1479530925103', 377, '返点', 1479530925, NULL, NULL, '原油', 3.00, NULL, '123123', NULL, NULL, 0.0, NULL, NULL, 3.00, 0.00, NULL),
(110, '1479530925104', 376, '返点', 1479530925, NULL, NULL, '原油', 10004.00, NULL, '大家好', NULL, NULL, 0.0, NULL, NULL, 4.00, 0.00, NULL),
(111, '1479530925105', 375, '返点', 1479530925, NULL, NULL, '原油', 5.00, NULL, '', NULL, NULL, 0.0, NULL, NULL, 5.00, 0.00, NULL),
(112, '1479530925106', 374, '返点', 1479530925, NULL, NULL, '原油', 6.00, NULL, '', NULL, NULL, 0.0, NULL, NULL, 6.00, 0.00, NULL),
(113, '1479530925107', 68, '返点', 1479530925, NULL, NULL, '原油', 98807.00, NULL, 'admin', NULL, NULL, 0.0, NULL, NULL, 7.00, 0.00, NULL),
(114, '1479530971984', 68, '建仓', 1479530971, 100.00, 100, '原油', 98680.00, 0, 'admin', 0, NULL, 20.0, 0.00, NULL, -120.00, NULL, 13),
(115, '1479530971985', 379, '返点', 1479530971, NULL, NULL, '原油', 2.00, NULL, 'test001', NULL, NULL, 0.0, NULL, NULL, 1.00, 0.00, NULL),
(116, '1479530971986', 378, '返点', 1479530971, NULL, NULL, '原油', 2.00, NULL, '123123123', NULL, NULL, 0.0, NULL, NULL, 2.00, 0.00, NULL),
(117, '1479530971987', 377, '返点', 1479530971, NULL, NULL, '原油', 3.00, NULL, '123123', NULL, NULL, 0.0, NULL, NULL, 3.00, 0.00, NULL),
(118, '1479530971988', 376, '返点', 1479530971, NULL, NULL, '原油', 10004.00, NULL, '大家好', NULL, NULL, 0.0, NULL, NULL, 4.00, 0.00, NULL),
(119, '1479530971989', 375, '返点', 1479530971, NULL, NULL, '原油', 5.00, NULL, '', NULL, NULL, 0.0, NULL, NULL, 5.00, 0.00, NULL),
(120, '1479530971990', 374, '返点', 1479530971, NULL, NULL, '原油', 6.00, NULL, '', NULL, NULL, 0.0, NULL, NULL, 6.00, 0.00, NULL),
(121, '1479530971991', 68, '返点', 1479530971, NULL, NULL, '原油', 98687.00, NULL, 'admin', NULL, NULL, 0.0, NULL, NULL, 7.00, 0.00, NULL);

-- --------------------------------------------------------

--
-- 表的结构 `wp_managerinfo`
--

CREATE TABLE `wp_managerinfo` (
  `mid` int(11) NOT NULL,
  `uid` int(11) NOT NULL,
  `poid` int(11) DEFAULT NULL COMMENT '持仓人',
  `coid` int(11) DEFAULT NULL COMMENT '平仓人',
  `mname` varchar(255) DEFAULT NULL COMMENT '法人名字',
  `brokerid` varchar(255) DEFAULT NULL COMMENT '法人代表身份证',
  `photoid` varchar(255) DEFAULT NULL COMMENT '会员资质'
) ENGINE=MyISAM DEFAULT CHARSET=utf8;

--
-- 转存表中的数据 `wp_managerinfo`
--

INSERT INTO `wp_managerinfo` (`mid`, `uid`, `poid`, `coid`, `mname`, `brokerid`, `photoid`) VALUES
(64, 67, NULL, NULL, '1631651', '165416545646', '2016-01-21/56a0bb4093ad5.png'),
(69, 69, NULL, NULL, '165', '165', '2016-01-21/56a0c4e5a5cc4.png'),
(70, 338, NULL, NULL, 'wifi伴侣', '440772198707132142', '2016-05-16/5739690c297fe.png'),
(71, 339, NULL, NULL, '真的wifi伴侣', '440772198612142261', '2016-05-16/57396a7a95d99.png'),
(72, 340, NULL, NULL, 'daili1', '440772199821028173', '2016-05-13/5735962bd27cc.png'),
(73, 341, NULL, NULL, NULL, '44078219920814216X', NULL),
(74, 342, NULL, NULL, 'yonghu', '44078219920814216X', '2016-05-13/57358b390a327.jpeg'),
(75, 343, NULL, NULL, NULL, '44078219920814216X', NULL),
(76, 68, NULL, NULL, 'd;fljds;jf', '349087398749037', '2016-05-16/573969034d34c.png'),
(77, 344, NULL, NULL, 'rendaxia', '32546786543245', '2016-05-16/573973ce155e9.png'),
(78, 348, NULL, NULL, NULL, '610115199009263515', NULL),
(79, 349, NULL, NULL, NULL, '610115199009263515', NULL),
(80, 350, NULL, NULL, NULL, '610115199009263515', NULL),
(81, 351, NULL, NULL, NULL, '', NULL),
(82, 352, NULL, NULL, NULL, '', NULL),
(83, 372, NULL, NULL, NULL, 'huiyuan1', NULL),
(84, 373, NULL, NULL, NULL, '564654645654656', NULL),
(85, 374, NULL, NULL, NULL, '111111111111111111', NULL),
(86, 375, NULL, NULL, NULL, '43052611311155035', NULL),
(87, 376, NULL, NULL, NULL, '32324324324324234324324', NULL);

-- --------------------------------------------------------

--
-- 表的结构 `wp_newsclass`
--

CREATE TABLE `wp_newsclass` (
  `fid` int(11) NOT NULL,
  `fclass` varchar(255) DEFAULT NULL
) ENGINE=MyISAM DEFAULT CHARSET=utf8;

--
-- 转存表中的数据 `wp_newsclass`
--

INSERT INTO `wp_newsclass` (`fid`, `fclass`) VALUES
(1, '最新资讯'),
(2, '财经要闻'),
(3, '系统公告'),
(4, '财经早报');

-- --------------------------------------------------------

--
-- 表的结构 `wp_newsinfo`
--

CREATE TABLE `wp_newsinfo` (
  `nid` int(11) NOT NULL,
  `ntitle` varchar(255) DEFAULT NULL COMMENT '标题',
  `ncontent` text COMMENT '内容',
  `ncover` varchar(255) DEFAULT NULL COMMENT '缩略图',
  `ncategory` int(11) DEFAULT NULL COMMENT '新闻分类id',
  `ntime` int(20) DEFAULT NULL COMMENT '发布时间'
) ENGINE=MyISAM DEFAULT CHARSET=utf8;

--
-- 转存表中的数据 `wp_newsinfo`
--

INSERT INTO `wp_newsinfo` (`nid`, `ntitle`, `ncontent`, `ncover`, `ncategory`, `ntime`) VALUES
(7, '铜行情走势', '&lt;span&gt;　全球矿业巨擘力拓(RIO)周一(9?7? )表示，全球&lt;a target=&quot;_blank&quot; rel=&quot;nofollow&quot; href=&quot;http://futures.hexun.com/copper/index.html&quot;&gt;铜&lt;/a&gt;市可能2-3年内陷入结构性短缺，电厂相关需求将会使其成为首个走出供应过剩窘境的&lt;a target=&quot;_blank&quot; rel=&quot;nofollow&quot; href=&quot;http://jingzhi.funds.hexun.com/161715.shtml&quot;&gt;大宗商品&lt;/a&gt;。&lt;/span&gt;&lt;span&gt;　　因产出扩增以及&lt;a target=&quot;_blank&quot; rel=&quot;nofollow&quot; href=&quot;http://jingzhi.funds.hexun.com/512600.shtml&quot;&gt;主要消费&lt;/a&gt;国中国放缓程度大于预期，许多大宗商品的价格目前都接近2008-2009年金融危机期间的低点，包括&lt;a target=&quot;_blank&quot; rel=&quot;nofollow&quot; href=&quot;http://futures.hexun.com/oil/index.html&quot;&gt;石油&lt;/a&gt;、天然气、煤炭、铁矿石以及多种金属。&lt;/span&gt;　　然而，力拓铜煤事业执行长发言称，预计铜将成为首个摆脱供应过剩的大宗商品。　　他指出，“市况现在相当艰困，但铜是一个相当具有吸引力的大宗商品。在2-3年之内，可能会转为短缺。　　近两个交易日，沪铜1607跌势暂缓，下方支撑十分强劲，而接下去来的一段时间，沪铜还将延续探底之旅。', '2016-09-21/57e24f0be7144.jpg', 1, 1474387200),
(8, '123123', '123123213', '2016-11-11/5825659584b89.png', 3, 1478793600);

-- --------------------------------------------------------

--
-- 表的结构 `wp_order`
--

CREATE TABLE `wp_order` (
  `oid` int(20) NOT NULL,
  `uid` int(11) NOT NULL COMMENT '用户id',
  `pid` int(11) NOT NULL COMMENT '产品ID',
  `cid` int(11) DEFAULT NULL COMMENT '商品类',
  `leixing` int(11) NOT NULL DEFAULT '0' COMMENT '结算时间,单位秒',
  `ostyle` int(12) NOT NULL DEFAULT '0' COMMENT '0涨 1跌，',
  `buytime` int(20) DEFAULT NULL COMMENT '购买时间',
  `onumber` int(20) DEFAULT NULL COMMENT '金额',
  `selltime` int(20) DEFAULT '0' COMMENT '结算时间',
  `ostaus` int(11) DEFAULT NULL COMMENT '0未结算，1已结算',
  `buyprice` double(20,2) DEFAULT NULL COMMENT '买入价',
  `sellprice` double(20,2) DEFAULT '0.00' COMMENT '结算价格',
  `endprofit` int(11) DEFAULT '0' COMMENT '止盈',
  `endloss` int(11) DEFAULT '0' COMMENT '止亏',
  `fee` double(11,1) DEFAULT NULL COMMENT '手续费',
  `eid` int(11) NOT NULL COMMENT '体验卷状态',
  `orderno` varchar(40) DEFAULT NULL COMMENT '订单编号',
  `ptitle` varchar(255) DEFAULT NULL COMMENT '商品名称',
  `commission` double(255,1) DEFAULT '0.0' COMMENT '佣金',
  `ploss` double(255,1) DEFAULT '0.0' COMMENT '盈亏',
  `display` int(11) DEFAULT '0' COMMENT '0,可查询，1不可查询'
) ENGINE=MyISAM DEFAULT CHARSET=utf8;

--
-- 转存表中的数据 `wp_order`
--

INSERT INTO `wp_order` (`oid`, `uid`, `pid`, `cid`, `leixing`, `ostyle`, `buytime`, `onumber`, `selltime`, `ostaus`, `buyprice`, `sellprice`, `endprofit`, `endloss`, `fee`, `eid`, `orderno`, `ptitle`, `commission`, `ploss`, `display`) VALUES
(1, 68, 2, NULL, 60, 0, 1479456237, 100, 1479457601, 1, 45.88, 45.88, 0, 0, 20.0, 0, '1479456237100', '原油', 99900.0, 100.0, 0),
(2, 68, 2, NULL, 60, 0, 1479456358, 100, 1479457631, 1, 45.88, 45.88, 0, 0, 20.0, 0, '1479456358545', '原油', 100000.0, 100.0, 0),
(3, 68, 2, NULL, 60, 0, 1479530077, 100, 0, 0, NULL, 0.00, 0, 0, 20.0, 0, '1479530077100', '原油', 99880.0, 0.0, 0),
(4, 68, 2, NULL, 60, 0, 1479530246, 100, 0, 0, NULL, 0.00, 0, 0, 20.0, 0, '1479530246544', '原油', 99760.0, 0.0, 0),
(5, 68, 2, NULL, 60, 0, 1479530618, 100, 0, 0, 0.00, 0.00, 0, 0, 20.0, 0, '1479530618979', '原油', 99640.0, 0.0, 0),
(6, 68, 2, NULL, 60, 0, 1479530672, 100, 0, 0, 0.00, 0.00, 0, 0, 20.0, 0, '1479530672485', '原油', 99520.0, 0.0, 0),
(7, 68, 2, NULL, 60, 0, 1479530697, 100, 0, 0, 0.00, 0.00, 0, 0, 20.0, 0, '1479530697574', '原油', 99400.0, 0.0, 0),
(8, 68, 2, NULL, 60, 0, 1479530748, 100, 0, 0, 0.00, 0.00, 0, 0, 20.0, 0, '1479530748999', '原油', 99280.0, 0.0, 0),
(9, 68, 2, NULL, 60, 0, 1479530838, 100, 0, 0, 0.00, 0.00, 0, 0, 20.0, 0, '1479530838541', '原油', 99160.0, 0.0, 0),
(10, 68, 2, NULL, 60, 0, 1479530866, 100, 0, 0, 0.00, 0.00, 0, 0, 20.0, 0, '1479530866504', '原油', 99040.0, 0.0, 0),
(11, 68, 2, NULL, 60, 0, 1479530902, 100, 0, 0, 0.00, 0.00, 0, 0, 20.0, 0, '1479530902544', '原油', 98920.0, 0.0, 0),
(12, 68, 2, NULL, 60, 0, 1479530925, 100, 0, 0, 0.00, 0.00, 0, 0, 20.0, 0, '1479530925100', '原油', 98800.0, 0.0, 0),
(13, 68, 2, NULL, 60, 0, 1479530971, 100, 0, 0, 0.00, 0.00, 0, 0, 20.0, 0, '1479530971984', '原油', 98680.0, 0.0, 0);

-- --------------------------------------------------------

--
-- 表的结构 `wp_productinfo`
--

CREATE TABLE `wp_productinfo` (
  `pid` int(11) NOT NULL,
  `ptitle` varchar(255) DEFAULT NULL COMMENT '标题',
  `cid` int(11) DEFAULT NULL COMMENT '产品分类id',
  `uprice` double DEFAULT NULL,
  `feeprice` double DEFAULT NULL,
  `wave` double DEFAULT NULL COMMENT '产品波动',
  `company` varchar(255) DEFAULT NULL COMMENT '单位',
  `patx` double(11,0) DEFAULT '0' COMMENT '点差乘',
  `patj` decimal(12,5) DEFAULT '0.00000' COMMENT '点差加'
) ENGINE=MyISAM DEFAULT CHARSET=utf8;

--
-- 转存表中的数据 `wp_productinfo`
--

INSERT INTO `wp_productinfo` (`pid`, `ptitle`, `cid`, `uprice`, `feeprice`, `wave`, `company`, `patx`, `patj`) VALUES
(1, '原油', 1, 180, 20, 80, '原油', 0, '0.07900'),
(2, '原油', 1, 60, 20, 80, '原油', 0, '0.07900'),
(3, '原油', 1, 300, 20, 80, '原油', 0, '0.07900'),
(4, '白银', 2, 180, 15, 80, '白银', 0, '100.00000'),
(6, '白银', 2, 60, 15, 80, '白银', 0, '100.00000'),
(7, '白银', 2, 300, 15, 80, '白银', 0, '100.00000'),
(8, '沪铜', 3, 180, 10, 80, '沪铜', 0, '0.00000'),
(9, '沪铜', 3, 60, 10, 80, '沪铜', 0, '0.00000'),
(10, '沪铜', 3, 300, 10, 80, '沪铜', 0, '0.00000'),
(12, '比特币', 4, 180, 5, 80, '比特币', 0, '1000.00000'),
(13, '比特币', 4, 60, 5, 80, '比特币', 0, '1000.00000'),
(14, '比特币', 4, 300, 5, 0, '比特币', 0, '100.00000');

-- --------------------------------------------------------

--
-- 表的结构 `wp_userinfo`
--

CREATE TABLE `wp_userinfo` (
  `uid` int(11) NOT NULL,
  `username` varchar(50) NOT NULL,
  `upwd` varchar(50) DEFAULT NULL,
  `utel` varchar(50) DEFAULT NULL,
  `utime` int(20) DEFAULT NULL COMMENT '注册时间',
  `agenttype` int(20) DEFAULT '0' COMMENT '0普通客户，1申请经纪人中，2经纪人',
  `otype` int(11) NOT NULL DEFAULT '0' COMMENT '0普通会员，2会员单位，1经纪人,3超级管理员',
  `ustatus` int(11) NOT NULL DEFAULT '0' COMMENT '0正常状态，1冻结状态，',
  `oid` int(11) DEFAULT NULL COMMENT '上线字段',
  `address` varchar(255) DEFAULT NULL COMMENT '地址',
  `portrait` varchar(255) DEFAULT NULL COMMENT '头像',
  `lastlog` int(20) DEFAULT NULL COMMENT '最后登录时间',
  `managername` varchar(255) DEFAULT NULL COMMENT '上线用户名',
  `comname` varchar(120) DEFAULT NULL COMMENT '公司名称',
  `comqua` varchar(50) DEFAULT NULL COMMENT '公司资质',
  `rebate` varchar(11) DEFAULT NULL COMMENT '返点',
  `feerebate` varchar(11) DEFAULT NULL COMMENT '手续费返点',
  `usertype` int(11) DEFAULT '0' COMMENT '0不是微信用户。1是微信用户',
  `wxtype` int(11) DEFAULT '0' COMMENT '1表示微信还没注册，0微信已注册成会员。',
  `openid` varchar(50) NOT NULL COMMENT '存微信用户的id',
  `nickname` varchar(255) DEFAULT NULL COMMENT '用户昵称'
) ENGINE=MyISAM DEFAULT CHARSET=utf8;

--
-- 转存表中的数据 `wp_userinfo`
--

INSERT INTO `wp_userinfo` (`uid`, `username`, `upwd`, `utel`, `utime`, `agenttype`, `otype`, `ustatus`, `oid`, `address`, `portrait`, `lastlog`, `managername`, `comname`, `comqua`, `rebate`, `feerebate`, `usertype`, `wxtype`, `openid`, `nickname`) VALUES
(67, 'test1234', 'd5122e4c643ded21445f7bc87febcab8', '15999999999', 1450147120, 2, 2, 0, 379, '陕西省西安市', 'http://wx.qlogo.cn/mmopen/EKHgsM07oxBQtGYiaYwbK8LkJsw2KBwELZtJCapJHKhJ0OzQaFT2nE9aRicfrJAGe6kW8ZYGMsSnccXsn39Daniams2sogpKJsg/0', 1475657160, '456789', '广告歌', '43423432423', '', '', 0, 0, '', '幻墨成烟'),
(68, 'admin', 'f8148923558b9fa886e62e4e7b0358c1', '15999999999', 1474093027, 2, 3, 0, 379, NULL, '', 1479530071, '', NULL, NULL, NULL, NULL, 0, 0, '', '幻墨成烟'),
(347, 'wangbing', '1d840762102860e4811c1b7765b6c0cc', '18710719713', 1464174358, 0, 0, 0, 67, NULL, NULL, 1464223301, NULL, NULL, NULL, NULL, NULL, 0, 0, '', '幻墨成烟'),
(348, 'huiyuan', '8f8da22fa42398b6cc321b74f8be12da', '18710484848', 1464175666, 0, 2, 0, 68, 'mdomo  ', NULL, 1476008625, 'adminwp888', '都默默都快没豆肯定怕【', '飞毛士大夫', '60', '0', 0, 0, '', '幻墨成烟'),
(349, 'wangbing1234', 'a9faaf34a29036b54639da98d874a419', '15129242446', 1464191899, 0, 0, 0, 67, '1111', NULL, NULL, 'test1234', NULL, NULL, NULL, NULL, 0, 0, '', '幻墨成烟'),
(350, 'lilyallen', 'ce37fe3a5e7a988f986f1ec1bca28db4', '18710719712', 1464222264, 0, 1, 0, 67, '终将失去', NULL, 1474735149, 'test1234', '事实上身上试试', NULL, '20', '20', 0, 0, '', '幻墨成烟'),
(351, '93_Ic1474618627', NULL, NULL, 1474044783, 0, 0, 0, NULL, '中国甘肃酒泉', 'http://wx.qlogo.cn/mmopen/vPjficwtgTJBok0KZCHlC4dC3Sd09tXXow5jJibZodf9v7O8DWbEWTkdklQkOhZvMaAK4MxLScGX27aEPW7vFcpg/0', NULL, NULL, NULL, NULL, NULL, NULL, 1, 1, 'o0pziw0zfuYZC0DV0OajQfj93_Ic', '幻墨成烟'),
(352, '9CU0Y1474618628', NULL, NULL, 1472790220, 0, 0, 0, NULL, '中国湖北武汉', 'http://wx.qlogo.cn/mmopen/ajNVdqHZLLCnRP54MMT5SrkQvKY3lFRRsKV97sTa7BLYB4ichh0RJicSYiao1S8dJb5XQDbSITRBgDCPvaMp3VDsZW2RdiaRGT87icHEQ2IHsicR8/0', NULL, NULL, NULL, NULL, NULL, NULL, 1, 1, 'o0pziw_7aT4X6A39oRElxQt9CU0Y', 'A★康k'),
(353, 'kxvnE1474618628', NULL, NULL, 1472790228, 0, 0, 0, NULL, '中国湖北武汉', 'http://wx.qlogo.cn/mmopen/1zRBFl1zc5sCzBKLFw6fx5e2icHsBO52x0YTNP1ZvlxQvdguZjnxgyvkEIkuZmbAdR8OXIuDZYlTic7lrdeOfypRImU6nh5Noq/0', NULL, NULL, NULL, NULL, NULL, NULL, 1, 1, 'o0pziw1vGEX-iWSsWMKQbLhkxvnE', 'A钟庸修'),
(354, 'xloB01474618628', NULL, NULL, 1474544338, 0, 0, 0, NULL, '安道尔', 'http://wx.qlogo.cn/mmopen/PiajxSqBRaEJhqpmdr8MYlbO2Cv87d3gxzYLYeUCW8fpR1IyLVs33OKdIlqr9SgYXyDGAObeBXibQqoyuHUtruhA/0', NULL, NULL, NULL, NULL, NULL, NULL, 1, 1, 'o0pziw4AJ8G0RJlrXSjj3KExloB0', '涵曦 沫妍'),
(355, 'f5MDI1474618628', NULL, NULL, 1471084820, 0, 0, 0, NULL, '亚美尼亚', 'http://wx.qlogo.cn/mmopen/RNkt9nntz7JAUMEWeUJGjHaibDUJtg2f9vDy6DLn6zF8aLBXmichh1X8sOWyOxpZnicdicujt1Wcywlw0qyAbXHNL9pgZugUI2Dp/0', NULL, NULL, NULL, NULL, NULL, NULL, 1, 1, 'o0pziwwgEAwLxkpYAMxuM5Of5MDI', '边陲明珠'),
(356, 'ApRTM1474618628', NULL, NULL, 1470228167, 0, 0, 0, NULL, '中国辽宁沈阳', 'http://wx.qlogo.cn/mmopen/txicfHlP2P5PJZTQibQQxPicKVODeFxIQAJ5n3iaDJHiaP7ziaiaBfqib0ggy6AfSWicCFFOaibAPdO7PA66Pp5L7r5m20s4yv1AbHJAc7/0', NULL, NULL, NULL, NULL, NULL, NULL, 1, 1, 'o0pziw8GHi-QpEPoONMqt2pApRTM', '冰雪聪明'),
(357, 'sjQ1A1474618629', NULL, NULL, 1472024529, 0, 0, 0, NULL, '中国江苏苏州', 'http://wx.qlogo.cn/mmopen/fkzgAibiashcOic3pMTLp73QqspF8plWldibcAj6t37WKBx3joSoMLRJgPqFFAMXvEseH2bnPxhtnIQt8lMRMGO5iaBmMa8g0F2nN/0', NULL, NULL, NULL, NULL, NULL, NULL, 1, 1, 'o0pziw_0UsSTmNd75bzj6uJsjQ1A', '化泥'),
(358, '1_VM81474618629', NULL, NULL, 1472029514, 0, 0, 0, NULL, '中国湖北黄冈', 'http://wx.qlogo.cn/mmopen/vPjficwtgTJABPcEYECK2oBwicD0QVrJBFKyjoww7EB2FquzvajmOjCLibXCPxlNMtBO51SbWNE96v3Klrg0mGNLIEH4WjqqI2y/0', NULL, NULL, NULL, NULL, NULL, NULL, 1, 1, 'o0pziw9qhTpLm8y4dAxjsWm1_VM8', '枫叶'),
(359, 'OfBYk1474618629', NULL, NULL, 1471066454, 0, 0, 0, NULL, '中国湖北黄冈', 'http://wx.qlogo.cn/mmopen/fkzgAibiashcOxWic7ux4WfDjnYges5PpU27rpHBtWBXcibIoTk2k4gYgw3apicVagkeoquLiaIE2gXHdXDEEBNTibVQPyEdenvp5QL/0', NULL, NULL, NULL, NULL, NULL, NULL, 1, 1, 'o0pziwwt1QGrRuBI790seekOfBYk', '星之旅'),
(360, 'f24tE1474618629', NULL, NULL, 1471943974, 0, 0, 0, NULL, '法国巴黎', 'http://wx.qlogo.cn/mmopen/txicfHlP2P5Pviahiaum3eBuMKQ7ZqkHAB1VicBiauoqRcs69wrLzN8qPaM5yca5yoL3zLmpwf0ZBFAU9giaTYpe1dia0k8tMHlcn2H/0', NULL, NULL, NULL, NULL, NULL, NULL, 1, 1, 'o0pziw9WXrhmP9KtGJbAGu6f24tE', '^_^Y(＾_＾)Y'),
(361, 'gplag1474618629', NULL, NULL, 1470227993, 0, 0, 0, NULL, '中国山西晋城', 'http://wx.qlogo.cn/mmopen/1zRBFl1zc5ucHScmjAhg4JYl8wp5kDGYJVbvamGGLrwdxfwC8TtagABF0icHd9nafELRAmxXelxDGibRcsNfzVH3nWsic3VXml4/0', NULL, NULL, NULL, NULL, NULL, NULL, 1, 1, 'o0pziw20NYt6qfaayXUNL6qgplag', '正年轻，有何不可！'),
(362, 'uI9mY1474618630', NULL, NULL, 1472063171, 0, 0, 0, NULL, '中国湖北武汉', 'http://wx.qlogo.cn/mmopen/ZxZh3hkjlbnoXppu4ZEwO3ibBtccqjlZOibDhRr3OicWnAZ4kokhY6EgdUwtLxvO1Y7RPOgzMAy1aDx3Tzl8YAUI7r6hgbAV4fr/0', NULL, NULL, NULL, NULL, NULL, NULL, 1, 1, 'o0pziw2x5oE_ISBjp6n1j79uI9mY', '五月山海虹'),
(363, 'zeH781474618630', NULL, NULL, 1471944286, 0, 0, 0, NULL, '中国浙江宁波', 'http://wx.qlogo.cn/mmopen/vPjficwtgTJABPcEYECK2oIpuNAyez49cCyYntnibsWTCodAcLMCaZUPMLkCZT3WU3gJa5SsVUiczibrTcOxwJllic4GGOSmNQiaeE/0', NULL, NULL, NULL, NULL, NULL, NULL, 1, 1, 'o0pziw3H2etf2ZMMx0DeUVXzeH78', 'andy~王策旺'),
(364, 'OfYCs1474618630', NULL, NULL, 1472037281, 0, 0, 0, NULL, '中国湖北武汉', 'http://wx.qlogo.cn/mmopen/1zRBFl1zc5sSNHMnyksHics7uLrgVyYwkcqSkaicAa3SZAWK9N1P6ANJuFvSeSw1LCEuSDK9X2YmIJtSeU5VdgdyHYUTVGjPXX/0', NULL, NULL, NULL, NULL, NULL, NULL, 1, 1, 'o0pziwyaBzqslLDX6EfA5HCOfYCs', '吉祥如意'),
(365, 'Kxw4k1474618630', NULL, NULL, 1471158628, 0, 0, 0, NULL, '中国湖北黄冈', 'http://wx.qlogo.cn/mmopen/vPjficwtgTJABPcEYECK2oK5Ht3MiawoPf0uyINb3kJSflL1d0TSHkjCvms0xjJKOkfUAexMsjA7t1Dt7BQURbu7KwF9jicEhGX/0', NULL, NULL, NULL, NULL, NULL, NULL, 1, 1, 'o0pziw5oScQAnKJKdiR0gjwKxw4k', '洪立勇18971710868'),
(366, 'F5JIc1474618630', NULL, NULL, 1472186974, 0, 0, 0, NULL, '中国湖北', 'http://wx.qlogo.cn/mmopen/fkzgAibiashcOic3pMTLp73QoodcIiaYvvicN70chqy5mLwMiaD0CsGxenkblDoL51w9CHAAmmiaL9G3T9V0VH3IhdCAgDyV9vVlpHI/0', NULL, NULL, NULL, NULL, NULL, NULL, 1, 1, 'o0pziwxZl9mvGxWXhleh2fcF5JIc', '胡馨月'),
(367, 'wMwgg1474618630', NULL, NULL, 1470227855, 0, 0, 0, NULL, '中国辽宁沈阳', 'http://wx.qlogo.cn/mmopen/fkzgAibiashcMBrgczIBkq3hpolgNHF2QMvtiasy91dcb7LsuV9icJgTAWTEXjoibqW6YybVJX7e6mIPI6wLhYZVJ1ibsHCua9ibVVM/0', NULL, NULL, NULL, NULL, NULL, NULL, 1, 1, 'o0pziw3JbQJqBi2Axuka40HwMwgg', '左.'),
(368, 'CSS741474618631', NULL, NULL, 1471350815, 0, 0, 0, NULL, '中国广东东莞', 'http://wx.qlogo.cn/mmopen/fkzgAibiashcNUibTGTKRzEmMoPBib3bTkpiaLWPTUvLxN0dfUC5ryfnFarCc8kDIpb2BQTSt3tOuGdiaqFuJWJzoVp0Nc2cMgDfEj/0', NULL, NULL, NULL, NULL, NULL, NULL, 1, 1, 'o0pziw_A9xjuBbryouGf3eICSS74', '黄文钢'),
(369, 'AZ4eY1474618631', NULL, NULL, 1470365405, 0, 0, 0, NULL, '安道尔', 'http://wx.qlogo.cn/mmopen/vPjficwtgTJBdI16johiauia3Lcc6vbm0H7BCwIRmn47Fl5fpibc9WQarKU8Xbo1SZuuicHiaBdJRuicVLMGtg0LhvldLlw5UobOjfT/0', NULL, NULL, NULL, NULL, NULL, NULL, 1, 1, 'o0pziw2hpg0amy9-7fzs1VDAZ4eY', '冯小狼'),
(370, '_r5qg1474618631', NULL, NULL, 1472029724, 0, 0, 0, NULL, '阿尔及利亚', 'http://wx.qlogo.cn/mmopen/fkzgAibiashcNkd2IsAouzVfdCQLr2b9hnT6TXUIEVRVsRJa9DRj4DXlQMliaLegJvGDTw4343P3qrXFFHcuVdl7COxmUrwHf2k/0', NULL, NULL, NULL, NULL, NULL, NULL, 1, 1, 'o0pziw2TFq7Zx42NKGs2N0b_r5qg', '麦子'),
(371, 'NFH1g1474618631', NULL, NULL, 1470841540, 0, 0, 0, NULL, '', 'http://wx.qlogo.cn/mmopen/1zRBFl1zc5ucHScmjAhg4MiaSGHEPG4m6W5JpryHIYZqg1y7sIl9YjsCA7Lz0dR1PRib0iaMJ8384icKYGztUWNU5O94xQCCSb7X/0', NULL, NULL, NULL, NULL, NULL, NULL, 1, 1, 'o0pziwxfyw4qNQvunWS6tEoNFH1g', '许瑛'),
(372, 'huiyuan1', 'ba929f165f6319113a86f151229241ca', '15842339835', 1475032104, 0, 2, 0, 68, 'huiyuan1', NULL, 1475655132, 'admin', 'huiyuan1', 'huiyuan1', '0', '0', 0, 0, '', NULL),
(373, '张飞', '4c9c7e3e99283ac1a46a12282e173bcf', '135121515151', 1475039658, 0, 2, 0, 68, '十大阿斯顿阿斯顿', NULL, 1475039757, 'admin', '6546啊实打实的', '阿斯顿', '7', '7', 0, 0, '', NULL),
(374, '', '3ffd5b3ca118950635902c875c4ed671', '', 1475465458, 0, 2, 0, 68, '', NULL, 1475470024, 'admin', '', '', '4', '', 0, 0, '', NULL),
(375, '', '819a14b382dfe220a5c0093a369e835e', '', 1475658197, 0, 2, 0, 374, '', NULL, 1475658219, 'admin', '', '', '10', '', 0, 0, '', NULL),
(376, '大家好', '63a9587d56532a43a1f87dcc61fe0180', '123445667777', 1476010903, 0, 2, 0, 375, '似懂非懂时代复分', NULL, 1476010915, 'admin', '分为惹我惹我', '23423432432432', '', '', 0, 0, '', NULL),
(377, '123123', '6eaed58a89a9bf4c57ab099e36e3f9e0', '131360623', 1478932410, 0, 0, 0, 376, NULL, NULL, NULL, NULL, NULL, NULL, NULL, NULL, 0, 0, '', NULL),
(378, '123123123', '7509231e8c023c0d5fcac9fd52cd5318', '13160659591', 1478933341, 0, 0, 0, 377, NULL, NULL, NULL, NULL, NULL, NULL, NULL, NULL, 0, 0, '', NULL),
(379, 'test001', 'fd5731bcf2eea1e642e19b715f6ae4e1', '13800138001', 1479195670, 0, 0, 0, 378, NULL, NULL, 1479456133, NULL, NULL, NULL, NULL, NULL, 0, 0, '', NULL);

-- --------------------------------------------------------

--
-- 表的结构 `wp_webconfig`
--

CREATE TABLE `wp_webconfig` (
  `id` int(11) NOT NULL,
  `isopen` int(11) NOT NULL DEFAULT '0' COMMENT '0开启，1关闭',
  `webname` varchar(20) DEFAULT NULL COMMENT '网站名称',
  `begintime` int(20) DEFAULT NULL COMMENT '休市开始时间',
  `endtime` int(20) DEFAULT NULL COMMENT '休市结束时间',
  `notice` varchar(100) DEFAULT NULL COMMENT '公告',
  `isnotice` int(10) DEFAULT '0' COMMENT '0开启，1关闭',
  `rate` varchar(255) DEFAULT NULL COMMENT '分销比例'
) ENGINE=MyISAM DEFAULT CHARSET=utf8;

--
-- 转存表中的数据 `wp_webconfig`
--

INSERT INTO `wp_webconfig` (`id`, `isopen`, `webname`, `begintime`, `endtime`, `notice`, `isnotice`, `rate`) VALUES
(1, 1, '秒盈', NULL, NULL, '秒盈微交易', 0, '1,2,3,4,5,6,7');

-- --------------------------------------------------------

--
-- 表的结构 `wp_wechat`
--

CREATE TABLE `wp_wechat` (
  `wcid` int(11) NOT NULL,
  `appid` varchar(255) CHARACTER SET utf8 DEFAULT NULL COMMENT 'AppID(应用ID)',
  `appsecret` varchar(255) CHARACTER SET utf8 DEFAULT NULL COMMENT 'AppSecret(应用密钥)',
  `wxname` varchar(255) CHARACTER SET utf8 DEFAULT NULL COMMENT '公众号名称',
  `wxlogin` varchar(255) CHARACTER SET utf8 DEFAULT NULL COMMENT '微信原始账号',
  `wxurl` varchar(255) CHARACTER SET utf8 DEFAULT NULL COMMENT 'url服务器地址',
  `token` varchar(255) CHARACTER SET utf8 DEFAULT NULL COMMENT '令牌',
  `encodingaeskey` varchar(255) CHARACTER SET utf8 DEFAULT NULL COMMENT '消息加密解密秘钥',
  `parterid` int(11) DEFAULT NULL COMMENT '微信商户账号',
  `parterkey` varchar(255) CHARACTER SET utf8 DEFAULT NULL COMMENT '32位密码'
) ENGINE=MyISAM DEFAULT CHARSET=gbk;

--
-- 转存表中的数据 `wp_wechat`
--

INSERT INTO `wp_wechat` (`wcid`, `appid`, `appsecret`, `wxname`, `wxlogin`, `wxurl`, `token`, `encodingaeskey`, `parterid`, `parterkey`) VALUES
(3, 'wx911b7cf7b6169721', '5a00b1eea0060e858cae28482bb01747', '\\', '', '', 'lkjhtuip534ssgft3ry53', 'VwsALbxJBgrtBCLAiHrqV5F2WQMDIcAeamgInGLPOF6', 1393818802, 'YuJinTaiTouZi1881888888888888888');

--
-- Indexes for dumped tables
--

--
-- Indexes for table `ag1612`
--
ALTER TABLE `ag1612`
  ADD PRIMARY KEY (`id`),
  ADD UNIQUE KEY `time` (`time`);

--
-- Indexes for table `au0`
--
ALTER TABLE `au0`
  ADD PRIMARY KEY (`id`),
  ADD UNIQUE KEY `time` (`time`);

--
-- Indexes for table `cl`
--
ALTER TABLE `cl`
  ADD PRIMARY KEY (`id`),
  ADD UNIQUE KEY `time` (`time`);

--
-- Indexes for table `cu1609`
--
ALTER TABLE `cu1609`
  ADD PRIMARY KEY (`id`),
  ADD UNIQUE KEY `time` (`time`);

--
-- Indexes for table `cu1611`
--
ALTER TABLE `cu1611`
  ADD PRIMARY KEY (`id`),
  ADD UNIQUE KEY `time` (`time`);

--
-- Indexes for table `eurusd`
--
ALTER TABLE `eurusd`
  ADD PRIMARY KEY (`id`),
  ADD UNIQUE KEY `time` (`time`);

--
-- Indexes for table `wp_accountinfo`
--
ALTER TABLE `wp_accountinfo`
  ADD PRIMARY KEY (`aid`);

--
-- Indexes for table `wp_ag`
--
ALTER TABLE `wp_ag`
  ADD PRIMARY KEY (`id`),
  ADD UNIQUE KEY `time` (`time`);

--
-- Indexes for table `wp_balance`
--
ALTER TABLE `wp_balance`
  ADD PRIMARY KEY (`bpid`);

--
-- Indexes for table `wp_bankinfo`
--
ALTER TABLE `wp_bankinfo`
  ADD PRIMARY KEY (`bid`);

--
-- Indexes for table `wp_bt`
--
ALTER TABLE `wp_bt`
  ADD PRIMARY KEY (`id`),
  ADD UNIQUE KEY `time` (`time`);

--
-- Indexes for table `wp_catproduct`
--
ALTER TABLE `wp_catproduct`
  ADD PRIMARY KEY (`cid`);

--
-- Indexes for table `wp_cl`
--
ALTER TABLE `wp_cl`
  ADD PRIMARY KEY (`id`),
  ADD UNIQUE KEY `time` (`time`);

--
-- Indexes for table `wp_commission`
--
ALTER TABLE `wp_commission`
  ADD PRIMARY KEY (`comid`);

--
-- Indexes for table `wp_cu`
--
ALTER TABLE `wp_cu`
  ADD PRIMARY KEY (`id`),
  ADD UNIQUE KEY `time` (`time`);

--
-- Indexes for table `wp_eurusd`
--
ALTER TABLE `wp_eurusd`
  ADD PRIMARY KEY (`id`),
  ADD UNIQUE KEY `time` (`time`);

--
-- Indexes for table `wp_experience`
--
ALTER TABLE `wp_experience`
  ADD PRIMARY KEY (`eid`);

--
-- Indexes for table `wp_experienceinfo`
--
ALTER TABLE `wp_experienceinfo`
  ADD PRIMARY KEY (`exid`);

--
-- Indexes for table `wp_journal`
--
ALTER TABLE `wp_journal`
  ADD PRIMARY KEY (`id`);

--
-- Indexes for table `wp_managerinfo`
--
ALTER TABLE `wp_managerinfo`
  ADD PRIMARY KEY (`mid`);

--
-- Indexes for table `wp_newsclass`
--
ALTER TABLE `wp_newsclass`
  ADD PRIMARY KEY (`fid`);

--
-- Indexes for table `wp_newsinfo`
--
ALTER TABLE `wp_newsinfo`
  ADD PRIMARY KEY (`nid`);

--
-- Indexes for table `wp_order`
--
ALTER TABLE `wp_order`
  ADD PRIMARY KEY (`oid`);

--
-- Indexes for table `wp_productinfo`
--
ALTER TABLE `wp_productinfo`
  ADD PRIMARY KEY (`pid`);

--
-- Indexes for table `wp_userinfo`
--
ALTER TABLE `wp_userinfo`
  ADD PRIMARY KEY (`uid`);

--
-- Indexes for table `wp_webconfig`
--
ALTER TABLE `wp_webconfig`
  ADD PRIMARY KEY (`id`);

--
-- Indexes for table `wp_wechat`
--
ALTER TABLE `wp_wechat`
  ADD PRIMARY KEY (`wcid`);

--
-- 在导出的表使用AUTO_INCREMENT
--

--
-- 使用表AUTO_INCREMENT `ag1612`
--
ALTER TABLE `ag1612`
  MODIFY `id` int(11) NOT NULL AUTO_INCREMENT;
--
-- 使用表AUTO_INCREMENT `au0`
--
ALTER TABLE `au0`
  MODIFY `id` int(11) NOT NULL AUTO_INCREMENT, AUTO_INCREMENT=1011;
--
-- 使用表AUTO_INCREMENT `cl`
--
ALTER TABLE `cl`
  MODIFY `id` int(11) NOT NULL AUTO_INCREMENT;
--
-- 使用表AUTO_INCREMENT `cu1609`
--
ALTER TABLE `cu1609`
  MODIFY `id` int(11) NOT NULL AUTO_INCREMENT, AUTO_INCREMENT=1016;
--
-- 使用表AUTO_INCREMENT `cu1611`
--
ALTER TABLE `cu1611`
  MODIFY `id` int(11) NOT NULL AUTO_INCREMENT;
--
-- 使用表AUTO_INCREMENT `eurusd`
--
ALTER TABLE `eurusd`
  MODIFY `id` int(11) NOT NULL AUTO_INCREMENT;
--
-- 使用表AUTO_INCREMENT `wp_accountinfo`
--
ALTER TABLE `wp_accountinfo`
  MODIFY `aid` int(50) NOT NULL AUTO_INCREMENT, AUTO_INCREMENT=116;
--
-- 使用表AUTO_INCREMENT `wp_ag`
--
ALTER TABLE `wp_ag`
  MODIFY `id` int(11) NOT NULL AUTO_INCREMENT;
--
-- 使用表AUTO_INCREMENT `wp_balance`
--
ALTER TABLE `wp_balance`
  MODIFY `bpid` int(11) NOT NULL AUTO_INCREMENT, AUTO_INCREMENT=166;
--
-- 使用表AUTO_INCREMENT `wp_bankinfo`
--
ALTER TABLE `wp_bankinfo`
  MODIFY `bid` int(20) NOT NULL AUTO_INCREMENT, AUTO_INCREMENT=33;
--
-- 使用表AUTO_INCREMENT `wp_bt`
--
ALTER TABLE `wp_bt`
  MODIFY `id` int(11) NOT NULL AUTO_INCREMENT;
--
-- 使用表AUTO_INCREMENT `wp_catproduct`
--
ALTER TABLE `wp_catproduct`
  MODIFY `cid` int(11) NOT NULL AUTO_INCREMENT, AUTO_INCREMENT=6;
--
-- 使用表AUTO_INCREMENT `wp_cl`
--
ALTER TABLE `wp_cl`
  MODIFY `id` int(11) NOT NULL AUTO_INCREMENT;
--
-- 使用表AUTO_INCREMENT `wp_commission`
--
ALTER TABLE `wp_commission`
  MODIFY `comid` int(11) NOT NULL AUTO_INCREMENT, AUTO_INCREMENT=4;
--
-- 使用表AUTO_INCREMENT `wp_cu`
--
ALTER TABLE `wp_cu`
  MODIFY `id` int(11) NOT NULL AUTO_INCREMENT;
--
-- 使用表AUTO_INCREMENT `wp_eurusd`
--
ALTER TABLE `wp_eurusd`
  MODIFY `id` int(11) NOT NULL AUTO_INCREMENT;
--
-- 使用表AUTO_INCREMENT `wp_experience`
--
ALTER TABLE `wp_experience`
  MODIFY `eid` int(11) NOT NULL AUTO_INCREMENT, AUTO_INCREMENT=11;
--
-- 使用表AUTO_INCREMENT `wp_experienceinfo`
--
ALTER TABLE `wp_experienceinfo`
  MODIFY `exid` int(11) NOT NULL AUTO_INCREMENT, AUTO_INCREMENT=374;
--
-- 使用表AUTO_INCREMENT `wp_journal`
--
ALTER TABLE `wp_journal`
  MODIFY `id` int(11) NOT NULL AUTO_INCREMENT, AUTO_INCREMENT=122;
--
-- 使用表AUTO_INCREMENT `wp_managerinfo`
--
ALTER TABLE `wp_managerinfo`
  MODIFY `mid` int(11) NOT NULL AUTO_INCREMENT, AUTO_INCREMENT=88;
--
-- 使用表AUTO_INCREMENT `wp_newsclass`
--
ALTER TABLE `wp_newsclass`
  MODIFY `fid` int(11) NOT NULL AUTO_INCREMENT, AUTO_INCREMENT=5;
--
-- 使用表AUTO_INCREMENT `wp_newsinfo`
--
ALTER TABLE `wp_newsinfo`
  MODIFY `nid` int(11) NOT NULL AUTO_INCREMENT, AUTO_INCREMENT=9;
--
-- 使用表AUTO_INCREMENT `wp_order`
--
ALTER TABLE `wp_order`
  MODIFY `oid` int(20) NOT NULL AUTO_INCREMENT, AUTO_INCREMENT=14;
--
-- 使用表AUTO_INCREMENT `wp_productinfo`
--
ALTER TABLE `wp_productinfo`
  MODIFY `pid` int(11) NOT NULL AUTO_INCREMENT, AUTO_INCREMENT=16;
--
-- 使用表AUTO_INCREMENT `wp_userinfo`
--
ALTER TABLE `wp_userinfo`
  MODIFY `uid` int(11) NOT NULL AUTO_INCREMENT, AUTO_INCREMENT=380;
--
-- 使用表AUTO_INCREMENT `wp_wechat`
--
ALTER TABLE `wp_wechat`
  MODIFY `wcid` int(11) NOT NULL AUTO_INCREMENT, AUTO_INCREMENT=4;
/*!40101 SET CHARACTER_SET_CLIENT=@OLD_CHARACTER_SET_CLIENT */;
/*!40101 SET CHARACTER_SET_RESULTS=@OLD_CHARACTER_SET_RESULTS */;
/*!40101 SET COLLATION_CONNECTION=@OLD_COLLATION_CONNECTION */;
